time_s,decimated_V,nn_kalman_V,fixed_kalman_V
0.00000000,2.43164062,2.43164062,2.43164062
0.00040000,2.43164062,2.43164062,2.43164062
0.00080000,2.43164062,2.43164062,2.43164062
0.00120000,2.43164062,2.43164062,2.43164062
0.00160000,2.43164062,2.43164062,2.43164062
0.00200000,2.43164062,2.43164062,2.43164062
0.00240000,2.43164062,2.43164062,2.43164062
0.00280000,2.43164062,2.43164062,2.43164062
0.00320000,2.43164062,2.43164062,2.43164062
0.00360000,2.43164062,2.43164062,2.43164062
0.00400000,2.43164062,2.43164062,2.43164062
0.00440000,2.41699219,2.42995742,2.41700097
0.00480000,2.41210938,2.42796992,2.41211231
0.00520000,2.41210938,2.42622848,2.41210938
0.00560000,2.41210938,2.42468426,2.41210938
0.00600000,2.41210938,2.42330337,2.41210938
0.00640000,2.41210938,2.42207422,2.41210938
0.00680000,2.41210938,2.42097989,2.41210938
0.00720000,2.41210938,2.42000490,2.41210938
0.00760000,2.41210938,2.41912115,2.41210938
0.00800000,2.41210938,2.41831393,2.41210938
0.00840000,2.41210938,2.41758692,2.41210938
0.00880000,2.41210938,2.41693996,2.41210938
0.00920000,2.41210938,2.41636974,2.41210938
0.00960000,2.41210938,2.41587083,2.41210938
0.01000000,2.41210938,2.41543655,2.41210938
0.01040000,2.41210938,2.41505967,2.41210938
0.01080000,2.41210938,2.41473292,2.41210938
0.01120000,2.41210938,2.41444892,2.41210938
0.01160000,2.41210938,2.41420092,2.41210938
0.01200000,2.41210938,2.41398325,2.41210938
0.01240000,2.41210938,2.41379126,2.41210938
0.01280000,2.41210938,2.41362119,2.41210938
0.01320000,2.40234375,2.41249318,2.40234960
0.01360000,2.39257812,2.41051908,2.39258398
0.01400000,2.39257812,2.40875380,2.39257813
0.01440000,2.39257812,2.40715694,2.39257813
0.01480000,2.39257812,2.40570198,2.39257813
0.01520000,2.39257812,2.40437624,2.39257812
0.01560000,2.39257812,2.40316450,2.39257812
0.01600000,2.39257812,2.40205709,2.39257812
0.01640000,2.39257812,2.40104174,2.39257812
0.01680000,2.39257812,2.40008190,2.39257812
0.01720000,2.39257812,2.39920073,2.39257812
0.01760000,2.39257812,2.39840865,2.39257812
0.01800000,2.39257812,2.39770649,2.39257812
0.01840000,2.39257812,2.39708988,2.39257812
0.01880000,2.39257812,2.39655193,2.39257812
0.01920000,2.39257812,2.39608472,2.39257812
0.01960000,2.39257812,2.39568008,2.39257812
0.02000000,2.39257812,2.39533002,2.39257812
0.02040000,2.39257812,2.39502695,2.39257812
0.02080000,2.39257812,2.39476344,2.39257812
0.02120000,2.39257812,2.39453308,2.39257812
0.02160000,2.39257812,2.39433062,2.39257812
0.02200000,2.39257812,2.39415182,2.39257812
0.02240000,2.37304688,2.39202519,2.37305858
0.02280000,2.37304688,2.39013248,2.37304688
0.02320000,2.37304688,2.38843313,2.37304688
0.02360000,2.37304688,2.38689501,2.37304688
0.02400000,2.37304688,2.38549294,2.37304688
0.02440000,2.37304688,2.38421661,2.37304688
0.02480000,2.37304688,2.38305004,2.37304688
0.02520000,2.37304688,2.38198840,2.37304688
0.02560000,2.37304688,2.38095838,2.37304688
0.02600000,2.37304688,2.38000469,2.37304688
0.02640000,2.37304688,2.37914819,2.37304688
0.02680000,2.42187500,2.38444045,2.42184573
0.02720000,2.55859375,2.40620509,2.55851179
0.02760000,2.69531250,2.49408268,2.69523051
0.02800000,2.76367188,2.71181053,2.76363085
0.02840000,2.79785156,2.78949962,2.79783105
0.02880000,2.83203125,2.82988592,2.83201075
0.02920000,2.86132812,2.85990171,2.86131055
0.02960000,2.89550781,2.89312912,2.89548732
0.03000000,2.92968750,2.92702510,2.92966700
0.03040000,2.95898438,2.95622626,2.95896680
0.03080000,2.99316406,2.98978893,2.99314357
0.03120000,3.02734375,3.02366026,3.02732325
0.03160000,3.05664062,3.05309537,3.05662305
0.03200000,3.09082031,3.08635578,3.09079982
0.03240000,3.12500000,3.11963346,3.12497950
0.03280000,3.15429688,3.14936069,3.15427930
0.03320000,3.11035156,3.11584796,3.11037789
0.03360000,2.33398438,2.46564421,2.33444972
0.03400000,2.58789062,2.58755109,2.58773872
0.03440000,3.02734375,3.02518013,3.02708026
0.03480000,3.41796875,3.41464040,3.41773446
0.03520000,3.71582031,3.71082775,3.71564165
0.03560000,3.63281250,3.63417665,3.63286215
0.03600000,3.51562500,3.51599918,3.51569527
0.03640000,3.40820312,3.40876193,3.40826755
0.03680000,3.29101562,3.29170702,3.29108590
0.03720000,3.17382812,3.17471497,3.17389841
0.03760000,3.06640625,3.06725213,3.06647068
0.03800000,2.94921875,2.94953642,2.94928903
0.03840000,2.83691406,2.83726482,2.83698142
0.03880000,2.72460938,2.72524587,2.72467673
0.03920000,2.60742188,2.60849212,2.60749215
0.03960000,2.49511719,2.49664864,2.49518454
0.04000000,2.38281250,2.38477128,2.38287985
0.04040000,2.41210938,2.41156388,2.41209186
0.04080000,3.64746094,3.61821533,3.64672050
0.04120000,3.73046875,3.72736967,3.73041855
0.04160000,3.69140625,3.69164565,3.69142963
0.04200000,3.64746094,3.64776729,3.64748729
0.04240000,3.60351562,3.60404158,3.60354198
0.04280000,3.56445312,3.56481496,3.56447655
0.04320000,3.52539062,3.52563195,3.52541405
0.04360000,3.48144531,3.48176106,3.48147167
0.04400000,3.43750000,3.43762187,3.43752636
0.04440000,3.39843750,3.39855014,3.39846093
0.04480000,3.35449219,3.35473506,3.35451854
0.04520000,3.31054688,3.31099149,3.31057323
0.04560000,3.27148438,3.27216126,3.27150780
0.04600000,3.23242188,3.23349416,3.23244530
0.04640000,3.19824219,3.19957701,3.19826269
0.04680000,3.19335938,3.19364406,3.19336231
0.04720000,3.19335938,3.19337380,3.19335938
0.04760000,3.17871094,3.17951412,3.17871972
0.04800000,3.17382812,3.17412945,3.17383106
0.04840000,3.17382812,3.17384282,3.17382813
0.04880000,3.17382812,3.17382889,3.17382813
0.04920000,3.17382812,3.17382819,3.17382813
0.04960000,3.16894531,3.16967389,3.16894824
0.05000000,3.15429688,3.15791433,3.15430566
0.05040000,3.15429688,3.15551498,3.15429688
0.05080000,3.15429688,3.15483212,3.15429688
0.05120000,3.14453125,3.15003434,3.14453710
0.05160000,3.13476562,3.14415251,3.13477148
0.05200000,3.11523438,3.13489132,3.11524608
0.05240000,3.10546875,3.12695179,3.10547461
0.05280000,3.09570312,3.11971636,3.09570898
0.05320000,3.07617188,3.11081870,3.07618358
0.05360000,3.06640625,3.10260220,3.06641211
0.05400000,3.05664062,3.09197352,3.05664648
0.05440000,3.03710938,3.05627862,3.03712108
0.05480000,3.02734375,3.03089985,3.02734961
0.05520000,3.01757812,3.01858296,3.01758398
0.05560000,2.99804688,2.99954317,2.99805858
0.05600000,2.98828125,2.98908410,2.98828711
0.05640000,2.97851562,2.97915173,2.97852148
0.05680000,2.95898438,2.96009980,2.95899608
0.05720000,2.94921875,2.94968330,2.94922461
0.05760000,2.93945312,2.93968690,2.93945898
0.05800000,2.91992188,2.92078319,2.91993358
0.05840000,2.91503906,2.91550045,2.91504200
0.05880000,2.90039062,2.90249596,2.90039941
0.05920000,2.88574219,2.88946794,2.88575097
0.05960000,2.87597656,2.88032434,2.87598242
0.06000000,2.86132812,2.86940876,2.86133691
0.06040000,2.84667969,2.85852608,2.84668847
0.06080000,2.83691406,2.84994591,2.83691992
0.06120000,2.82226562,2.84073637,2.82227441
0.06160000,2.80761719,2.83141661,2.80762597
0.06200000,2.79785156,2.82315888,2.79785742
0.06240000,2.78320312,2.81289690,2.78321191
0.06280000,2.76855469,2.79814881,2.76856347
0.06320000,2.75878906,2.76695853,2.75879492
0.06360000,2.74414062,2.74637264,2.74414941
0.06400000,2.72949219,2.73105354,2.72950097
0.06440000,2.71972656,2.72060081,2.71973242
0.06480000,2.70507812,2.70616335,2.70508691
0.06520000,2.69531250,2.69606383,2.69531836
0.06560000,2.68554688,2.68613972,2.68555273
0.06600000,2.66601562,2.66681796,2.66602733
0.06640000,2.65625000,2.65680036,2.65625586
0.06680000,2.64648438,2.64745918,2.64649023
0.06720000,2.62695312,2.63024370,2.62696483
0.06760000,2.61718750,2.62044326,2.61719336
0.06800000,2.60742188,2.61199979,2.60742773
0.06840000,2.58789062,2.59883551,2.58790233
0.06880000,2.57812500,2.58943695,2.57813086
0.06920000,2.56835938,2.58146689,2.56836523
0.06960000,2.54882812,2.57113156,2.54883983
0.07000000,2.53906250,2.56249521,2.53906836
0.07040000,2.52929688,2.55343118,2.52930273
0.07080000,2.50976562,2.54179063,2.50977733
0.07120000,2.50000000,2.52596551,2.50000586
0.07160000,2.49023438,2.49419017,2.49024023
0.07200000,2.47070312,2.47307708,2.47071483
0.07240000,2.46582031,2.46650354,2.46582325
0.07280000,2.45117188,2.45225618,2.45118066
0.07320000,2.43652344,2.43763395,2.43653222
0.07360000,2.42675781,2.42751862,2.42676367
0.07400000,2.41210938,2.41287223,2.41211816
0.07440000,2.39746094,2.39812117,2.39746972
0.07480000,2.38769531,2.38844726,2.38770117
0.07520000,2.37304688,2.37499732,2.37305566
0.07560000,2.35839844,2.36181087,2.35840722
0.07600000,2.34863281,2.35262814,2.34863867
0.07640000,2.33398438,2.34157134,2.33399316
0.07680000,2.31933594,2.33056084,2.31934472
0.07720000,2.30957031,2.32193257,2.30957617
0.07760000,2.29492188,2.31267327,2.29493066
0.07800000,2.28027344,2.30330636,2.28028222
0.07840000,2.27050781,2.29506507,2.27051367
0.07880000,2.26562500,2.28779462,2.26562793
0.07920000,2.39746094,2.31600654,2.39738192
0.07960000,2.56835938,2.37748156,2.56825690
0.08000000,2.70019531,2.68100559,2.70011623
0.08040000,2.52441406,2.53759801,2.52451937
0.08080000,2.29980469,2.33055488,2.29993937
0.08120000,2.28515625,2.28728599,2.28516511
0.08160000,2.32421875,2.32302488,2.32419534
0.08200000,2.36328125,2.36219078,2.36325782
0.08240000,2.40234375,2.40220231,2.40232032
0.08280000,2.44140625,2.44130106,2.44138282
0.08320000,2.47070312,2.47062814,2.47068555
0.08360000,2.50976562,2.50960125,2.50974220
0.08400000,2.54882812,2.54855482,2.54880470
0.08440000,2.58789062,2.58743969,2.58786720
0.08480000,2.62695312,2.62612155,2.62692970
0.08520000,2.65625000,2.65516593,2.65623243
0.08560000,2.69531250,2.69304748,2.69528908
0.08600000,2.73437500,2.73115788,2.73435157
0.08640000,2.77343750,2.76899864,2.77341407
0.08680000,2.81250000,2.80756977,2.81247657
0.08720000,2.84667969,2.84210198,2.84665919
0.08760000,2.88085938,2.87623070,2.88083888
0.08800000,2.91992188,2.91475536,2.91989845
0.08840000,2.95898438,2.95337363,2.95896095
0.08880000,2.99804688,2.99291639,2.99802345
0.08920000,3.02734375,3.02351082,3.02732618
0.08960000,3.06640625,3.06157449,3.06638283
0.09000000,3.10546875,3.10057056,3.10544532
0.09040000,3.14453125,3.13956684,3.14450782
0.09080000,3.18359375,3.17861500,3.18357032
0.09120000,3.21777344,3.21347298,3.21775294
0.09160000,3.25195312,3.24769546,3.25193263
0.09200000,3.29101562,3.28621999,3.29099220
0.09240000,3.33007812,3.32502474,3.33005470
0.09280000,3.36914062,3.36421882,3.36911720
0.09320000,3.40332031,3.39901656,3.40329981
0.09360000,3.43750000,3.43323393,3.43747950
0.09400000,3.47656250,3.47172670,3.47653907
0.09440000,3.51562500,3.51066312,3.51560157
0.09480000,3.55468750,3.54967947,3.55466407
0.09520000,3.59375000,3.58887785,3.59372657
0.09560000,3.62304688,3.61929276,3.62302930
0.09600000,3.66210938,3.65735326,3.66208595
0.09640000,3.70117188,3.69625403,3.70114845
0.09680000,3.74023438,3.73524032,3.74021095
0.09720000,3.76464844,3.76139000,3.76463379
0.09760000,3.62792969,3.64300627,3.62801162
0.09800000,3.45703125,3.45986996,3.45713373
0.09840000,3.29101562,3.29149365,3.29111519
0.09880000,3.11523438,3.11572838,3.11533979
0.09920000,2.94433594,2.94479779,2.94443843
0.09960000,2.77832031,2.77875091,2.77841988
0.10000000,2.60742188,2.60787757,2.60752437
0.10040000,2.43164062,2.43254202,2.43174604
0.10080000,2.47558594,2.47527925,2.47555966
0.10120000,2.64648438,2.64505102,2.64638193
0.10160000,2.72460938,2.72428901,2.72456249
0.10200000,2.66601562,2.66622719,2.66605072
0.10240000,2.66601562,2.66601646,2.66601565
0.10280000,2.70507812,2.70489084,2.70505471
0.10320000,2.73925781,2.73904101,2.73923731
0.10360000,2.77343750,2.77317526,2.77341700
0.10400000,2.81250000,2.81193243,2.81247657
0.10440000,2.84179688,2.84096421,2.84177930
0.10480000,2.88085938,2.87890174,2.88083595
0.10520000,2.91015625,2.90934174,2.91013868
0.10560000,2.94921875,2.94726819,2.94919533
0.10600000,2.98828125,2.98534823,2.98825782
0.10640000,3.01757812,3.01449049,3.01756055
0.10680000,3.05664062,3.05170314,3.05661720
0.10720000,3.08593750,3.08175620,3.08591993
0.10760000,3.12500000,3.11882348,3.12497658
0.10800000,3.10058594,3.10285760,3.10060056
0.10840000,2.84179688,2.88169977,2.84195199
0.10880000,2.72949219,2.72994796,2.72955959
0.10920000,2.69531250,2.69541202,2.69533303
0.10960000,2.67089844,2.67096526,2.67091308
0.11000000,2.64160156,2.64167597,2.64161913
0.11040000,2.61718750,2.61725504,2.61720214
0.11080000,2.58300781,2.58311438,2.58302831
0.11120000,2.55859375,2.55874039,2.55860840
0.11160000,2.53417969,2.53441982,2.53419433
0.11200000,2.50000000,2.50048534,2.50002050
0.11240000,2.47558594,2.47615829,2.47560058
0.11280000,2.44628906,2.44742965,2.44630663
0.11320000,2.42187500,2.42317997,2.42188964
0.11360000,2.38769531,2.39019797,2.38771581
0.11400000,2.36328125,2.36505090,2.36329590
0.11440000,2.33886719,2.34097540,2.33888183
0.11480000,2.30468750,2.30795860,2.30470800
0.11520000,2.28027344,2.28207661,2.28028808
0.11560000,2.33886719,2.33446314,2.33883208
0.11600000,2.72949219,2.69001664,2.72925804
0.11640000,3.11523438,3.07466049,3.11500303
0.11680000,3.14453125,3.13620308,3.14451355
0.11720000,3.08593750,3.09261145,3.08597261
0.11760000,3.03222656,3.03453654,3.03225878
0.11800000,2.97363281,2.97470333,2.97366795
0.11840000,2.91503906,2.91648758,2.91507420
0.11880000,2.86132812,2.86167840,2.86136034
0.11920000,2.80273438,2.80294219,2.80276951
0.11960000,2.74414062,2.74429545,2.74417577
0.12000000,2.69042969,2.69058487,2.69046190
0.12040000,2.63183594,2.63215764,2.63187108
0.12080000,2.57812500,2.57865643,2.57815721
0.12120000,2.51953125,2.52049421,2.51956639
0.12160000,2.46582031,2.46715270,2.46585253
0.12200000,2.40722656,2.40920245,2.40726170
0.12240000,2.34863281,2.35101383,2.34866795
0.12280000,2.29492188,2.29734813,2.29495409
0.12320000,2.23632812,2.23919816,2.23636326
0.12360000,2.22167969,2.22251418,2.22168849
0.12400000,2.23632812,2.23564848,2.23631935
0.12440000,2.25097656,2.25025898,2.25096778
0.12480000,2.25585938,2.25562537,2.25585644
0.12520000,2.26562500,2.26532039,2.26561915
0.12560000,2.27539062,2.27520847,2.27538477
0.12600000,2.27539062,2.27538682,2.27539062
0.12640000,2.29003906,2.28949332,2.29003028
0.12680000,2.29492188,2.29454624,2.29491894
0.12720000,2.29492188,2.29487612,2.29492187
0.12760000,2.31445312,2.31058345,2.31444142
0.12800000,2.31445312,2.31332138,2.31445312
0.12840000,2.32421875,2.31995645,2.32421290
0.12880000,2.33398438,2.32722524,2.33397852
0.12920000,2.33398438,2.33015231,2.33398437
0.12960000,2.34863281,2.33702217,2.34862403
0.13000000,2.35351562,2.34240876,2.35351269
0.13040000,2.35351562,2.34560925,2.35351562
0.13080000,2.37304688,2.35262110,2.37303517
0.13120000,2.36328125,2.35531215,2.36328710
0.13160000,2.31933594,2.34630495,2.31936228
0.13200000,2.27539062,2.32597509,2.27541698
0.13240000,2.33886719,2.33022188,2.33882916
0.13280000,2.46093750,2.42279697,2.46086431
0.13320000,2.58789062,2.53001789,2.58781449
0.13360000,2.71484375,2.63608949,2.71476761
0.13400000,2.84179688,2.83517988,2.84172074
0.13440000,2.96875000,2.96080660,2.96867386
0.13480000,3.09082031,3.08986690,3.09074710
0.13520000,3.21777344,3.21637388,3.21769730
0.13560000,3.34472656,3.34221609,3.34465043
0.13600000,3.47167969,3.46731859,3.47160355
0.13640000,3.59375000,3.58742917,3.59367679
0.13680000,3.72558594,3.71792850,3.72550688
0.13720000,3.49609375,3.50594735,3.49623125
0.13760000,2.72460938,2.73037848,2.72507186
0.13800000,2.25585938,2.25737646,2.25614061
0.13840000,2.25585938,2.25586836,2.25585954
0.13880000,2.25585938,2.25585944,2.25585938
0.13920000,2.25585938,2.25585938,2.25585938
0.13960000,2.23632812,2.23640941,2.23633983
0.14000000,2.23632812,2.23632875,2.23632813
0.14040000,2.23632812,2.23632813,2.23632813
0.14080000,2.23632812,2.23632813,2.23632813
0.14120000,2.23632812,2.23632813,2.23632812
0.14160000,2.23632812,2.23632813,2.23632812
0.14200000,2.23632812,2.23632812,2.23632812
0.14240000,2.23632812,2.23632812,2.23632812
0.14280000,2.21679688,2.21768961,2.21680858
0.14320000,2.21679688,2.21687183,2.21679688
0.14360000,2.21679688,2.21680774,2.21679688
0.14400000,2.21679688,2.21679937,2.21679688
0.14440000,2.21679688,2.21679770,2.21679688
0.14480000,2.21679688,2.21679723,2.21679688
0.14520000,2.21679688,2.21679707,2.21679688
0.14560000,2.21191406,2.21489987,2.21191699
0.14600000,2.19726562,2.20911027,2.19727441
0.14640000,2.19726562,2.20582618,2.19726563
0.14680000,2.19726562,2.20379521,2.19726563
0.14720000,2.19726562,2.20244676,2.19726563
0.14760000,2.19726562,2.20149894,2.19726562
0.14800000,2.19726562,2.20080181,2.19726562
0.14840000,2.19726562,2.20026912,2.19726562
0.14880000,2.19238281,2.19916799,2.19238574
0.14920000,2.17773438,2.19623103,2.17774316
0.14960000,2.17773438,2.19376701,2.17773438
0.15000000,2.17773438,2.19170157,2.17773438
0.15040000,2.17773438,2.18996150,2.17773438
0.15080000,2.17773438,2.18848302,2.17773438
0.15120000,2.17773438,2.18721214,2.17773438
0.15160000,2.17773438,2.18610577,2.17773438
0.15200000,2.16796875,2.18400285,2.16797460
0.15240000,2.15820312,2.18082477,2.15820898
0.15280000,2.15820312,2.17795002,2.15820313
0.15320000,2.15820312,2.17541324,2.15820313
0.15360000,2.15820312,2.17320374,2.15820313
0.15400000,2.15820312,2.17129057,2.15820312
0.15440000,2.15820312,2.16963042,2.15820312
0.15480000,2.15820312,2.16817937,2.15820312
0.15520000,2.14843750,2.16548437,2.14844335
0.15560000,2.13867188,2.15927899,2.13867773
0.15600000,2.13867188,2.15405274,2.13867188
0.15640000,2.13867188,2.15031156,2.13867188
0.15680000,2.13867188,2.14771226,2.13867188
0.15720000,2.13867188,2.14587779,2.13867188
0.15760000,2.13867188,2.14454267,2.13867188
0.15800000,2.13867188,2.14353991,2.13867188
0.15840000,2.12402344,2.14036524,2.12403222
0.15880000,2.11914062,2.13658560,2.11914356
0.15920000,2.11914062,2.13348618,2.11914063
0.15960000,2.11914062,2.13104276,2.11914063
0.16000000,2.11914062,2.12912708,2.11914063
0.16040000,2.11914062,2.12761250,2.11914062
0.16080000,2.11914062,2.12639549,2.11914062
0.16120000,2.11914062,2.12540104,2.11914062
0.16160000,2.10449219,2.12255753,2.10450097
0.16200000,2.09960938,2.11941235,2.09961231
0.16240000,2.09960938,2.11671455,2.09960938
0.16280000,2.09960938,2.11442011,2.09960938
0.16320000,2.09960938,2.11247264,2.09960938
0.16360000,2.09960938,2.11081738,2.09960938
0.16400000,2.09960938,2.10940146,2.09960938
0.16440000,2.09960938,2.10818251,2.09960938
0.16480000,2.08007812,2.10443371,2.08008983
0.16520000,2.08007812,2.10076232,2.08007813
0.16560000,2.08007812,2.09752834,2.08007813
0.16600000,2.08007812,2.09481830,2.08007813
0.16640000,2.08007812,2.09258761,2.08007812
0.16680000,2.08007812,2.09075338,2.08007812
0.16720000,2.08007812,2.08922879,2.08007812
0.16760000,2.08007812,2.08795347,2.08007812
0.16800000,2.06054688,2.07958816,2.06055858
0.16840000,2.06054688,2.07334212,2.06054688
0.16880000,2.06054688,2.06948137,2.06054688
0.16920000,2.06054688,2.06710035,2.06054688
0.16960000,2.06054688,2.06556530,2.06054688
0.17000000,2.06054688,2.06452451,2.06054688
0.17040000,2.06054688,2.06378432,2.06054688
0.17080000,2.05566406,2.06240939,2.05566699
0.17120000,2.04101562,2.05866566,2.04102441
0.17160000,2.04101562,2.05564351,2.04101563
0.17200000,2.04101562,2.05325850,2.04101563
0.17240000,2.04101562,2.05137802,2.04101563
0.17280000,2.04101562,2.04987946,2.04101562
0.17320000,2.04101562,2.04866469,2.04101562
0.17360000,2.04101562,2.04766159,2.04101562
0.17400000,2.03613281,2.04619990,2.03613574
0.17440000,2.02148438,2.04299918,2.02149316
0.17480000,2.02148438,2.04019803,2.02148438
0.17520000,2.02148438,2.03777608,2.02148438
0.17560000,2.04589844,2.03881419,2.04588380
0.17600000,2.32421875,2.07462775,2.32405192
0.17640000,3.08105469,2.36553940,3.08060096
0.17680000,1.57226562,1.58051689,1.57316967
0.17720000,2.27539062,2.26331230,2.27496974
0.17760000,2.12402344,2.12449134,2.12411391
0.17800000,1.87500000,1.87656006,1.87514931
0.17840000,2.55371094,2.55139294,2.55330423
0.17880000,2.43164062,2.43241834,2.43171355
0.17920000,2.34375000,2.34399836,2.34380272
0.17960000,2.31445312,2.31452922,2.31447072
0.18000000,2.35351562,2.35341219,2.35349222
0.18040000,2.86132812,2.85990167,2.86102374
0.18080000,2.77832031,2.77872240,2.77836988
0.18120000,2.28515625,2.28916191,2.28545187
0.18160000,2.34375000,2.34357286,2.34371506
0.18200000,3.14941406,3.14693621,3.14893115
0.18240000,2.57812500,2.57987692,2.57846712
0.18280000,2.47558594,2.47622260,2.47564760
0.18320000,2.55371094,2.55345076,2.55366415
0.18360000,2.21191406,2.21279375,2.21211890
0.18400000,3.29101562,3.28826015,3.29036897
0.18440000,2.87597656,2.87792663,2.87622494
0.18480000,2.44140625,2.44254996,2.44166687
0.18520000,2.43164062,2.43166787,2.43164663
0.18560000,2.91015625,2.90888813,2.90986945
0.18600000,2.44140625,2.44272746,2.44168703
0.18640000,2.60253906,2.60212594,2.60244265
0.18680000,2.59765625,2.59766744,2.59765912
0.18720000,2.93457031,2.93363054,2.93436838
0.18760000,3.22265625,3.22161936,3.22248346
0.18800000,2.23144531,2.23591303,2.23203931
0.18840000,3.36425781,3.35957773,3.36357920
0.18880000,2.24121094,2.24522947,2.24188365
0.18920000,3.41308594,3.40939467,3.41238395
0.18960000,2.57812500,2.58062640,2.57862503
0.19000000,2.47070312,2.47129802,2.47076781
0.19040000,2.44628906,2.44635737,2.44630373
0.19080000,2.68066406,2.67944997,2.68052359
0.19120000,2.29003906,2.29254916,2.29027311
0.19160000,2.76855469,2.76727229,2.76826802
0.19200000,2.54394531,2.54450862,2.54407976
0.19240000,2.45117188,2.45144430,2.45122756
0.19280000,2.67089844,2.67026666,2.67076677
0.19320000,2.43652344,2.43720274,2.43666384
0.19360000,2.43652344,2.43652720,2.43652352
0.19400000,2.84179688,2.83999448,2.84155397
0.19440000,2.90039062,2.90015575,2.90035536
0.19480000,3.46679688,3.46529501,3.46645737
0.19520000,2.94921875,2.95150863,2.94952877
0.19560000,2.44628906,2.44897416,2.44659069
0.19600000,2.92968750,2.92837287,2.92939795
0.19640000,3.74023438,3.73781792,3.73974838
0.19680000,3.79882812,3.79862527,3.79879271
0.19720000,3.79882812,3.79882731,3.79882810
0.19760000,3.79882812,3.79882812,3.79882812
0.19800000,3.79882812,3.79882812,3.79882812
0.19840000,3.79882812,3.79882812,3.79882812
0.19880000,3.79882812,3.79882812,3.79882812
0.19920000,3.69140625,3.69218253,3.69147064
0.19960000,2.60253906,2.60548399,2.60319173
0.20000000,2.27050781,2.27136670,2.27070721
0.20040000,2.26074219,2.26079268,2.26074816
0.20080000,2.52929688,2.52691963,2.52913592
0.20120000,2.49511719,2.49526151,2.49513758
0.20160000,2.79296875,2.79039433,2.79279024
0.20200000,2.54882812,2.54954141,2.54897435
0.20240000,2.51953125,2.51968322,2.51954890
0.20280000,2.75390625,2.75327397,2.75376578
0.20320000,2.98828125,2.98751730,2.98814069
0.20360000,2.92968750,2.93000373,2.92972254
0.20400000,2.25097656,2.25430800,2.25138338
0.20440000,3.07617188,3.06835541,3.07567752
0.20480000,2.55859375,2.56058962,2.55890367
0.20520000,3.31542969,3.31343211,3.31497625
0.20560000,3.35449219,3.35438644,3.35446850
0.20600000,2.66601562,2.66854390,2.66642826
0.20640000,2.34375000,2.34462089,2.34394340
0.20680000,2.41210938,2.41191889,2.41206852
0.20720000,2.01660156,2.01796803,2.01683859
0.20760000,2.42675781,2.42520358,2.42651212
0.20800000,2.98339844,2.98193499,2.98306466
0.20840000,2.52929688,2.53076591,2.52956885
0.20880000,2.48046875,2.48073569,2.48049818
0.20920000,2.88574219,2.88429911,2.88549930
0.20960000,3.00292969,3.00213404,3.00285930
0.21000000,2.40234375,2.40414866,2.40270368
0.21040000,2.37792969,2.37801880,2.37794454
0.21080000,2.74902344,2.74805307,2.74880102
0.21120000,2.59277344,2.59332021,2.59286696
0.21160000,3.07128906,3.07005393,3.07100231
0.21200000,2.72460938,2.72548309,2.72481699
0.21240000,2.63671875,2.63695044,2.63677155
0.21280000,2.50488281,2.50521588,2.50496186
0.21320000,2.76367188,2.76296523,2.76351681
0.21360000,2.53906250,2.53976306,2.53919703
0.21400000,2.53906250,2.53906430,2.53906258
0.21440000,3.32031250,3.31795853,3.31984424
0.21480000,2.88574219,2.88692994,2.88600237
0.21520000,2.92480469,2.92470454,2.92478143
0.21560000,2.29492188,2.29689474,2.29529939
0.21600000,3.11035156,3.10815478,3.10986305
0.21640000,2.76367188,2.76464469,2.76387937
0.21680000,2.76855469,2.76854457,2.76855189
0.21720000,2.61230469,2.61270793,2.61239834
0.21760000,2.42187500,2.42235485,2.42198919
0.21800000,2.25097656,2.25141063,2.25107906
0.21840000,2.21679688,2.21689574,2.21681742
0.21880000,2.25097656,2.25089041,2.25095609
0.21920000,2.34375000,2.34350244,2.34369438
0.21960000,2.56835938,2.56771408,2.56822472
0.22000000,2.88085938,2.87957792,2.88067199
0.22040000,3.13476562,3.13344900,3.13461333
0.22080000,3.15429688,3.15409837,3.15428508
0.22120000,3.15429688,3.15429568,3.15429687
0.22160000,3.14453125,3.14461301,3.14453710
0.22200000,3.13476562,3.13487901,3.13477148
0.22240000,3.13476562,3.13476769,3.13476563
0.22280000,3.12011719,3.12028476,3.12012597
0.22320000,3.11523438,3.11525294,3.11523731
0.22360000,3.11035156,3.11037064,3.11035449
0.22400000,3.09570312,3.09581625,3.09571191
0.22440000,3.09570312,3.09570484,3.09570313
0.22480000,3.08593750,3.08622556,3.08594335
0.22520000,3.07617188,3.07673234,3.07617773
0.22560000,3.07617188,3.07622830,3.07617188
0.22600000,3.06152344,3.06401497,3.06153222
0.22640000,3.05664062,3.05856257,3.05664356
0.22680000,3.05664062,3.05734011,3.05664063
0.22720000,3.03710938,3.04652638,3.03712108
0.22760000,3.03710938,3.04235240,3.03710938
0.22800000,3.03222656,3.03863306,3.03222949
0.22840000,3.01757812,3.03217395,3.01758691
0.22880000,3.01757812,3.02838636,3.01757813
0.22920000,3.00781250,3.02376737,3.00781835
0.22960000,2.99804688,3.01868169,2.99805273
0.23000000,2.99804688,3.01501748,2.99804688
0.23040000,2.98339844,3.00966274,2.98340722
0.23080000,2.97851562,3.00464448,2.97851856
0.23120000,2.97363281,2.99974374,2.97363574
0.23160000,2.95898438,2.98094639,2.95899316
0.23200000,2.95898438,2.96967723,2.95898438
0.23240000,2.94921875,2.95373395,2.94922460
0.23280000,2.93945312,2.94090486,2.93945898
0.23320000,2.93945312,2.93964204,2.93945313
0.23360000,2.92480469,2.92601613,2.92481347
0.23400000,2.91992188,2.92042875,2.91992481
0.23440000,2.91992188,2.91997950,2.91992188
0.23480000,2.90039062,2.90232473,2.90040233
0.23520000,2.90039062,2.90071111,2.90039063
0.23560000,2.89550781,2.89683759,2.89551074
0.23600000,2.88085938,2.88658296,2.88086816
0.23640000,2.88085938,2.88349635,2.88085938
0.23680000,2.87109375,2.87793902,2.87109960
0.23720000,2.86132812,2.87177574,2.86133398
0.23760000,2.86132812,2.86854527,2.86132813
0.23800000,2.84179688,2.86149708,2.84180858
0.23840000,2.84179688,2.85701759,2.84179688
0.23880000,2.83691406,2.85300191,2.83691699
0.23920000,2.82226562,2.84746131,2.82227441
0.23960000,2.82226562,2.84329051,2.82226563
0.24000000,2.81250000,2.83841909,2.81250585
0.24040000,2.80273438,2.83141162,2.80274023
0.24080000,2.80273438,2.82516577,2.80273438
0.24120000,2.78808594,2.79275437,2.78809472
0.24160000,2.77832031,2.78035005,2.77832617
0.24200000,2.74902344,2.75406383,2.74904100
0.24240000,2.96386719,2.94769015,2.96373843
0.24280000,3.32519531,3.30516112,3.32497867
0.24320000,2.74414062,2.78251563,2.74448876
0.24360000,2.87109375,2.86972328,2.87101787
0.24400000,2.40234375,2.41079178,2.40262466
0.24440000,2.34863281,2.35027579,2.34866517
0.24480000,2.28027344,2.28242651,2.28031443
0.24520000,3.22753906,3.21976197,3.22697133
0.24560000,3.10058594,3.10102447,3.10066169
0.24600000,2.50976562,2.51198766,2.51011979
0.24640000,3.35937500,3.35591039,3.35886598
0.24680000,2.42675781,2.42958620,2.42731649
0.24720000,2.40722656,2.40728826,2.40723860
0.24760000,2.20703125,2.20763653,2.20715125
0.24800000,2.00195312,2.00249800,2.00207611
0.24840000,2.10937500,2.10908850,2.10931069
0.24880000,2.45605469,2.45486335,2.45584686
0.24920000,2.90039062,2.89924569,2.90012418
0.24960000,2.23144531,2.23370187,2.23184610
0.25000000,2.47558594,2.47423266,2.47543985
0.25040000,3.36914062,3.36408175,3.36860497
0.25080000,2.43652344,2.44142132,2.43708210
0.25120000,2.46093750,2.46088463,2.46092320
0.25160000,3.19335938,3.18946608,3.19292038
0.25200000,2.66113281,2.66323778,2.66145155
0.25240000,2.73437500,2.73418661,2.73433129
0.25280000,1.97753906,1.98005433,1.97799266
0.25320000,3.32031250,3.31687510,3.31950795
0.25360000,3.18847656,3.18882962,3.18855510
0.25400000,3.03710938,3.03756957,3.03720015
0.25440000,3.01269531,3.01278513,3.01271000
0.25480000,2.95410156,2.95426209,2.95413669
0.25520000,2.64648438,2.64737945,2.64666877
0.25560000,2.91992188,2.91912031,2.91975810
0.25600000,2.88085938,2.88102172,2.88088269
0.25640000,3.00292969,3.00258134,3.00285654
0.25680000,3.05664062,3.05648654,3.05660839
0.25720000,3.09082031,3.09072231,3.09079981
0.25760000,2.61230469,2.61499445,2.61259148
0.25800000,2.79785156,2.79734350,2.79774052
0.25840000,2.70019531,2.70047516,2.70025378
0.25880000,2.40234375,2.40343243,2.40252231
0.25920000,2.64160156,2.63991868,2.64145827
0.25960000,2.63183594,2.63185934,2.63184170
0.26000000,2.48046875,2.48092748,2.48055948
0.26040000,2.40234375,2.40278858,2.40239063
0.26080000,3.26660156,3.26428452,3.26608358
0.26120000,2.59765625,2.60071143,2.59805688
0.26160000,2.87109375,2.87038162,2.87093010
0.26200000,2.69531250,2.69588101,2.69541776
0.26240000,2.47070312,2.47140486,2.47083781
0.26280000,2.61230469,2.61176092,2.61221990
0.26320000,2.46582031,2.46626231,2.46590806
0.26360000,3.50097656,3.49735963,3.50035617
0.26400000,3.05664062,3.05792322,3.05690657
0.26440000,2.31933594,2.32230390,2.31977801
0.26480000,2.75390625,2.75278783,2.75364605
0.26520000,3.16406250,3.16278795,3.16381651
0.26560000,2.75878906,2.75983022,2.75903182
0.26600000,2.29980469,2.30097964,2.30007993
0.26640000,2.61718750,2.61625812,2.61699744
0.26680000,1.65527344,1.65918370,1.65584987
0.26720000,2.53906250,2.53671399,2.53853313
0.26760000,2.52929688,2.52931981,2.52930241
0.26800000,2.49023438,2.49033380,2.49025779
0.26840000,2.73925781,2.73863502,2.73910857
0.26880000,2.40234375,2.40339286,2.40254560
0.26920000,2.36816406,2.36829209,2.36818467
0.26960000,2.37304688,2.37303173,2.37304396
0.27000000,2.34375000,2.34392157,2.34376756
0.27040000,2.09472656,2.09549644,2.09487583
0.27080000,2.22656250,2.22577831,2.22648357
0.27120000,2.89062500,2.88466558,2.89022693
0.27160000,2.36328125,2.36530556,2.36359709
0.27200000,2.72460938,2.72364338,2.72439300
0.27240000,2.40234375,2.40326350,2.40253678
0.27280000,2.37792969,2.37804614,2.37794444
0.27320000,2.70019531,2.69934253,2.70000217
0.27360000,2.63671875,2.63692094,2.63675668
0.27400000,2.27539062,2.27633329,2.27560722
0.27440000,2.47558594,2.47503697,2.47546608
0.27480000,2.17773438,2.17849239,2.17791283
0.27520000,2.87597656,2.87391271,2.87555816
0.27560000,2.62695312,2.62761891,2.62710213
0.27600000,3.25195312,3.24966986,3.25157861
0.27640000,3.23730469,3.23735004,3.23731324
0.27680000,2.47558594,2.47993258,2.47604249
0.27720000,2.49511719,2.49507474,2.49510575
0.27760000,2.32421875,2.32489321,2.32432117
0.27800000,2.70507812,2.70401070,2.70484991
0.27840000,2.96386719,2.96316139,2.96371194
0.27880000,2.69042969,2.69115539,2.69059348
0.27920000,2.90039062,2.89983162,2.90026488
0.27960000,2.53417969,2.53587809,2.53439911
0.28000000,2.80761719,2.80687451,2.80745343
0.28040000,3.07128906,3.07002540,3.07113093
0.28080000,2.55371094,2.55689916,2.55402106
0.28120000,2.47070312,2.47095043,2.47075306
0.28160000,2.41210938,2.41225937,2.41214452
0.28200000,3.32031250,3.31770117,3.31976817
0.28240000,2.29492188,2.29967722,2.29553614
0.28280000,3.38867188,3.38580930,3.38801668
0.28320000,2.90527344,2.90672895,2.90556278
0.28360000,2.46582031,2.46704293,2.46608388
0.28400000,1.96289062,1.96421405,1.96319222
0.28440000,2.74414062,2.74210386,2.74367255
0.28480000,2.30468750,2.30599711,2.30495061
0.28520000,2.73437500,2.73325172,2.73411762
0.28560000,3.23242188,3.23116622,3.23212321
0.28600000,3.18359375,3.18374228,3.18362284
0.28640000,2.40234375,2.40546604,2.40281202
0.28680000,2.89062500,2.88935463,2.89033262
0.28720000,3.13964844,3.13844770,3.13949901
0.28760000,2.76855469,2.76991436,2.76877702
0.28800000,3.30566406,3.30425590,3.30534227
0.28840000,2.76855469,2.77001000,2.76887642
0.28880000,3.04687500,3.04590706,3.04670838
0.28920000,2.74414062,2.74526859,2.74432197
0.28960000,2.53417969,2.53477021,2.53430564
0.29000000,2.49511719,2.49523000,2.49514068
0.29040000,2.87109375,2.87009016,2.87086842
0.29080000,2.86132812,2.86135749,2.86133384
0.29120000,2.27050781,2.27203363,2.27086194
0.29160000,2.58300781,2.58211664,2.58282072
0.29200000,2.78320312,2.78267651,2.78308302
0.29240000,2.70019531,2.70044718,2.70024499
0.29280000,2.32910156,2.33004959,2.32932401
0.29320000,2.83203125,2.83062854,2.83172994
0.29360000,2.75390625,2.75410675,2.75395290
0.29400000,3.18847656,3.18709005,3.18821612
0.29440000,2.37792969,2.38013283,2.37841535
0.29480000,1.94824219,1.94933036,1.94850002
0.29520000,3.26660156,3.26153581,3.26581153
0.29560000,3.16406250,3.16434425,3.16412349
0.29600000,2.70996094,2.71112276,2.71023315
0.29640000,3.00781250,3.00707178,3.00763414
0.29680000,2.59765625,2.59868485,2.59790198
0.29720000,2.44140625,2.44190388,2.44150005
0.29760000,2.91503906,2.91352609,2.91475524
0.29800000,3.70605469,3.70351654,3.70558041
0.29840000,3.62792969,3.62821484,3.62797623
0.29880000,3.49121094,3.49184809,3.49129291
0.29920000,3.35937500,3.35976896,3.35945407
0.29960000,3.22753906,3.22825903,3.22761813
0.30000000,3.09082031,3.09125807,3.09090230
0.30040000,2.96386719,2.96432158,2.96394333
0.30080000,2.83203125,2.83237631,2.83211031
0.30120000,2.69531250,2.69578755,2.69539449
0.30160000,2.56347656,2.56428957,2.56355563
0.30200000,2.43164062,2.43283765,2.43171969
0.30240000,2.35351562,2.35447834,2.35356250
0.30280000,2.35351562,2.35353006,2.35351565
0.30320000,2.35351562,2.35351588,2.35351563
0.30360000,2.37304688,2.37284528,2.37303517
0.30400000,2.37304688,2.37304433,2.37304687
0.30440000,2.37304688,2.37304686,2.37304687
0.30480000,2.37304688,2.37304687,2.37304687
0.30520000,2.37304688,2.37304687,2.37304688
0.30560000,2.37792969,2.37786654,2.37792676
0.30600000,2.39257812,2.39220718,2.39256934
0.30640000,2.39257812,2.39256031,2.39257812
0.30680000,2.39257812,2.39257656,2.39257812
0.30720000,2.39257812,2.39257789,2.39257812
0.30760000,2.39257812,2.39257807,2.39257812
0.30800000,2.40234375,2.39904433,2.40233790
0.30840000,2.41210938,2.40635629,2.41210352
0.30880000,2.41210938,2.40904819,2.41210937
0.30920000,2.41210938,2.41027165,2.41210937
0.30960000,2.41210938,2.41088775,2.41210937
0.31000000,2.41210938,2.41123358,2.41210938
0.31040000,2.42675781,2.41504557,2.42674903
0.31080000,2.43164062,2.41869953,2.43163769
0.31120000,2.43164062,2.42157543,2.43164062
0.31160000,2.43164062,2.42382173,2.43164062
0.31200000,2.43164062,2.42550426,2.43164062
0.31240000,2.43164062,2.42676614,2.43164062
0.31280000,2.45117188,2.43185102,2.45116017
0.31320000,2.45117188,2.43618565,2.45117187
0.31360000,2.45117188,2.43951230,2.45117187
0.31400000,2.45117188,2.44200304,2.45117187
0.31440000,2.45117188,2.44399359,2.45117188
0.31480000,2.45605469,2.44683870,2.45605176
0.31520000,2.47070312,2.45308173,2.47069434
0.31560000,2.47070312,2.45792605,2.47070312
0.31600000,2.47070312,2.46124341,2.47070312
0.31640000,2.47070312,2.46349152,2.47070312
0.31680000,2.47070312,2.46510436,2.47070312
0.31720000,2.48046875,2.46870584,2.48046290
0.31760000,2.49023438,2.47416163,2.49022852
0.31800000,2.49023438,2.47820100,2.49023437
0.31840000,2.49023438,2.48102954,2.49023437
0.31880000,2.49023438,2.48304274,2.49023437
0.31920000,2.49023438,2.48463589,2.49023438
0.31960000,2.50488281,2.48957980,2.50487403
0.32000000,2.50976562,2.49491295,2.50976269
0.32040000,2.50976562,2.49868692,2.50976562
0.32080000,2.50976562,2.50127963,2.50976562
0.32120000,2.50976562,2.50313853,2.50976562
0.32160000,2.50976562,2.50464093,2.50976562
0.32200000,2.52929688,2.51082631,2.52928517
0.32240000,2.52929688,2.51575136,2.52929687
0.32280000,2.52929688,2.51916183,2.52929687
0.32320000,2.52929688,2.52150283,2.52929687
0.32360000,2.52929688,2.52321272,2.52929688
0.32400000,2.52929688,2.52463458,2.52929688
0.32440000,2.54882812,2.53092284,2.54881642
0.32480000,2.54882812,2.53580590,2.54882812
0.32520000,2.54882812,2.53915949,2.54882812
0.32560000,2.54882812,2.54144862,2.54882812
0.32600000,2.54882812,2.54313467,2.54882812
0.32640000,2.55371094,2.54569951,2.55370801
0.32680000,2.56835938,2.55169684,2.56835059
0.32720000,2.56835938,2.55626963,2.56835937
0.32760000,2.56835938,2.55938190,2.56835937
0.32800000,2.56835938,2.56150644,2.56835937
0.32840000,2.56835938,2.56308879,2.56835938
0.32880000,2.57812500,2.56680354,2.57811915
0.32920000,2.58789062,2.57241789,2.58788477
0.32960000,2.58789062,2.57652476,2.58789062
0.33000000,2.58789062,2.57932263,2.58789062
0.33040000,2.58789062,2.58127932,2.58789062
0.33080000,2.58789062,2.58280366,2.58789062
0.33120000,2.60253906,2.58775203,2.60253028
0.33160000,2.60742188,2.59301947,2.60741894
0.33200000,2.60742188,2.59671742,2.60742187
0.33240000,2.60742188,2.59924305,2.60742187
0.33280000,2.60742188,2.60105578,2.60742187
0.33320000,2.60742188,2.60252720,2.60742188
0.33360000,2.62695312,2.60875365,2.62694142
0.33400000,2.62695312,2.61366220,2.62695312
0.33440000,2.62695312,2.61703861,2.62695312
0.33480000,2.68554688,2.63299088,2.68551176
0.33520000,2.77343750,2.66906861,2.77338480
0.33560000,2.86621094,2.79473633,2.86615530
0.33600000,2.94921875,2.93846991,2.94916896
0.33640000,3.04199219,3.03585469,3.04193655
0.33680000,3.12500000,3.12174461,3.12495021
0.33720000,3.22265625,3.21767898,3.22259769
0.33760000,3.30566406,3.30115662,3.30561428
0.33800000,3.39843750,3.39163078,3.39838186
0.33840000,3.48144531,3.47411326,3.48139553
0.33880000,3.57421875,3.56870322,3.57416311
0.33920000,3.66210938,3.65677872,3.66205666
0.33960000,3.74511719,3.74049103,3.74506740
0.34000000,3.59375000,3.60221664,3.59384070
0.34040000,3.31542969,3.33293358,3.31559656
0.34080000,3.13964844,3.14023829,3.13975390
0.34120000,3.10546875,3.10561583,3.10548930
0.34160000,3.07128906,3.07147057,3.07130956
0.34200000,3.03710938,3.03720029,3.03712987
0.34240000,3.00292969,3.00301846,3.00295019
0.34280000,2.96875000,2.96883943,2.96877050
0.34320000,2.92968750,2.92987719,2.92971093
0.34360000,2.90039062,2.90063237,2.90040820
0.34400000,2.86621094,2.86663660,2.86623143
0.34440000,2.83203125,2.83275178,2.83205175
0.34480000,2.79296875,2.79422893,2.79299218
0.34520000,2.76367188,2.76498917,2.76368945
0.34560000,2.72460938,2.72671611,2.72463280
0.34600000,2.69531250,2.69714975,2.69533007
0.34640000,2.65625000,2.65865556,2.65627342
0.34680000,2.62695312,2.62901943,2.62697070
0.34720000,2.58789062,2.59059081,2.58791405
0.34760000,2.55859375,2.56072230,2.55861132
0.34800000,2.51953125,2.52199398,2.51955467
0.34840000,2.48535156,2.48774256,2.48537206
0.34880000,2.45117188,2.45335083,2.45119237
0.34920000,2.42187500,2.42391132,2.42189257
0.34960000,2.38281250,2.38523460,2.38283592
0.35000000,2.34863281,2.35098496,2.34865331
0.35040000,2.31445312,2.31663951,2.31447362
0.35080000,2.28027344,2.28262199,2.28029394
0.35120000,2.24609375,2.24822518,2.24611425
0.35160000,2.21191406,2.21414010,2.21193456
0.35200000,2.17773438,2.18003248,2.17775487
0.35240000,2.14355469,2.14598633,2.14357519
0.35280000,2.10937500,2.11156479,2.10939550
0.35320000,2.07031250,2.07287522,2.07033593
0.35360000,2.04101562,2.04303981,2.04103320
0.35400000,2.00683594,2.00915365,2.00685643
0.35440000,1.97265625,1.97500730,1.97267675
0.35480000,1.93359375,1.93627105,1.93361718
0.35520000,1.90429688,1.90638526,1.90431445
0.35560000,1.86523438,1.86788790,1.86525780
0.35600000,1.83593750,1.83799991,1.83595507
0.35640000,1.79687500,1.79927010,1.79689842
0.35680000,1.76757812,1.76960308,1.76759570
0.35720000,1.72851562,1.73115544,1.72853905
0.35760000,1.69921875,1.70129280,1.69923632
0.35800000,1.66015625,1.66254929,1.66017967
0.35840000,1.62597656,1.62830692,1.62599706
0.35880000,1.59179688,1.59393802,1.59181737
0.35920000,1.56250000,1.56450907,1.56251757
0.35960000,1.52343750,1.52584330,1.52346092
0.36000000,1.48925781,1.49160114,1.48927831
0.36040000,1.45507812,1.45726389,1.45509862
0.36080000,1.42089844,1.42324767,1.42091894
0.36120000,1.38671875,1.38885148,1.38673925
0.36160000,1.35253906,1.35476701,1.35255956
0.36200000,1.31835938,1.32065965,1.31837987
0.36240000,1.28417969,1.28661321,1.28420019
0.36280000,1.25000000,1.25219106,1.25002050
0.36320000,1.22070312,1.22266006,1.22072070
0.36360000,1.22070312,1.22082692,1.22070314
0.36400000,1.23535156,1.23443940,1.23534278
0.36440000,1.99218750,1.94701577,1.99173387
0.36480000,3.37402344,3.23455046,3.37319494
0.36520000,2.79785156,2.81854534,2.79819641
0.36560000,2.38769531,2.41620424,2.38794135
0.36600000,2.43164062,2.43129109,2.43161443
0.36640000,2.62207031,2.61926848,2.62195616
0.36680000,2.81250000,2.80787747,2.81238579
0.36720000,2.99804688,2.99104973,2.99793560
0.36760000,3.02734375,3.02720396,3.02732612
0.36800000,2.63183594,2.63288553,2.63207298
0.36840000,2.51464844,2.51501759,2.51471882
0.36880000,2.41699219,2.41736235,2.41705076
0.36920000,2.31933594,2.31985620,2.31939450
0.36960000,2.27539062,2.27569755,2.27541700
0.37000000,2.62207031,2.62112778,2.62186254
0.37040000,2.85644531,2.85583543,2.85630471
0.37080000,3.07617188,3.07507205,3.07604009
0.37120000,2.89062500,2.89145102,2.89073613
0.37160000,2.70507812,2.70590572,2.70518940
0.37200000,2.45605469,2.45752160,2.45620401
0.37240000,2.35351562,2.35381083,2.35357717
0.37280000,2.35351562,2.35351707,2.35351566
0.37320000,2.51953125,2.51892079,2.51943175
0.37360000,2.06542969,2.06661577,2.06570180
0.37400000,2.99804688,2.99557056,2.99748806
0.37440000,2.64160156,2.64299325,2.64181487
0.37480000,2.30957031,2.31166922,2.30976945
0.37520000,2.33398438,2.33392466,2.33396986
0.37560000,2.15332031,2.15380910,2.15342859
0.37600000,1.93847656,1.93954498,1.93860540
0.37640000,1.72363281,1.72441415,1.72376166
0.37680000,1.50878906,1.50935729,1.50891791
0.37720000,1.33789062,1.33860411,1.33799313
0.37760000,3.12988281,3.12119492,3.12880881
0.37800000,2.83203125,2.83455536,2.83220913
0.37840000,2.38281250,2.38718408,2.38308185
0.37880000,2.72460938,2.72324412,2.72440467
0.37920000,3.21777344,3.21646798,3.21747773
0.37960000,3.53027344,3.52912128,3.53008596
0.38000000,2.19238281,2.19801209,2.19318459
0.38040000,1.60156250,1.60469087,1.60191710
0.38080000,2.30957031,2.30724537,2.30914617
0.38120000,2.35351562,2.35332757,2.35348903
0.38160000,2.35351562,2.35351513,2.35351561
0.38200000,2.35351562,2.35351562,2.35351562
0.38240000,2.35351562,2.35351562,2.35351562
0.38280000,2.35351562,2.35351562,2.35351562
0.38320000,2.35351562,2.35351562,2.35351562
0.38360000,2.35351562,2.35351562,2.35351562
0.38400000,2.35351562,2.35351562,2.35351562
0.38440000,2.35351562,2.35351562,2.35351562
0.38480000,2.35351562,2.35351562,2.35351562
0.38520000,2.35351562,2.35351562,2.35351562
0.38560000,2.35351562,2.35351562,2.35351562
0.38600000,2.35351562,2.35351562,2.35351562
0.38640000,2.35351562,2.35351562,2.35351562
0.38680000,2.29003906,2.30299776,2.29007711
0.38720000,2.84179688,2.67927008,2.84146619
0.38760000,3.57421875,3.56001759,3.57377956
0.38800000,3.77929688,3.77853511,3.77917369
0.38840000,3.77929688,3.77929318,3.77929680
0.38880000,3.70117188,3.70162942,3.70121870
0.38920000,3.51074219,3.51145545,3.51085635
0.38960000,3.32031250,3.32150349,3.32042671
0.39000000,3.12988281,3.13117864,3.12999702
0.39040000,2.93945312,2.94073175,2.93956733
0.39080000,2.65136719,2.65215304,2.65153993
0.39120000,2.90527344,2.90459500,2.90512136
0.39160000,2.76367188,2.76440156,2.76375666
0.39200000,2.35839844,2.36117741,2.35864140
0.39240000,1.93359375,1.93709175,1.93384851
0.39280000,1.27441406,1.27639580,1.27480931
0.39320000,1.41113281,1.41056723,1.41105110
0.39360000,1.54296875,1.54259790,1.54288968
0.39400000,1.67968750,1.67930086,1.67960551
0.39440000,1.81152344,1.81116831,1.81144437
0.39480000,1.94824219,1.94782756,1.94816020
0.39520000,2.08007812,2.07963584,2.07999906
0.39560000,2.21191406,2.21146577,2.21183500
0.39600000,2.34863281,2.34786013,2.34855082
0.39640000,2.48046875,2.47911735,2.48038968
0.39680000,2.65136719,2.64857586,2.65126471
0.39720000,2.97851562,2.97015229,2.97831948
0.39760000,2.36816406,2.37454879,2.36852977
0.39800000,2.22656250,2.22697628,2.22664759
0.39840000,2.24609375,2.24602745,2.24608209
0.39880000,2.26562500,2.26555682,2.26561329
0.39920000,2.28515625,2.28508467,2.28514454
0.39960000,2.30468750,2.30462870,2.30467579
0.40000000,2.32421875,2.32416912,2.32420704
0.40040000,2.34375000,2.34369960,2.34373829
0.40080000,2.36328125,2.36320629,2.36326954
0.40120000,2.57812500,2.57660228,2.57799622
0.40160000,2.67089844,2.66972375,2.67084275
0.40200000,2.79296875,2.79067916,2.79289555
0.40240000,3.02734375,3.02044240,3.02720323
0.40280000,3.28125000,3.27040257,3.28109773
0.40320000,3.51562500,3.51478636,3.51548443
0.40360000,3.68652344,3.68599285,3.68642092
0.40400000,3.25195312,3.25379165,3.25221353
0.40440000,2.78808594,2.79166248,2.78836412
0.40480000,2.73437500,2.73455461,2.73440736
0.40520000,2.82226562,2.82187881,2.82221297
0.40560000,2.55859375,2.56039229,2.55875176
0.40600000,2.29980469,2.30049585,2.29995989
0.40640000,2.35839844,2.35825152,2.35836341
0.40680000,2.42187500,2.42170761,2.42183693
0.40720000,2.48046875,2.48031006,2.48043361
0.40760000,2.53906250,2.53891060,2.53902736
0.40800000,2.60253906,2.60236766,2.60250100
0.40840000,2.66113281,2.66096998,2.66109767
0.40880000,2.72460938,2.72436053,2.72457131
0.40920000,2.78320312,2.78288276,2.78316798
0.40960000,2.84667969,2.84602758,2.84664162
0.41000000,2.90527344,2.90419447,2.90523830
0.41040000,2.96875000,2.96682266,2.96871193
0.41080000,3.02734375,3.02468401,3.02730861
0.41120000,3.08593750,3.08242518,3.08590236
0.41160000,3.03710938,3.04018827,3.03713862
0.41200000,2.55859375,2.59798909,2.55888058
0.41240000,3.57421875,3.57126529,3.57361019
0.41280000,3.75000000,3.74924964,3.74989428
0.41320000,3.72558594,3.72569447,3.72560051
0.41360000,3.69140625,3.69158132,3.69142674
0.41400000,3.66699219,3.66706973,3.66700683
0.41440000,3.63281250,3.63291795,3.63283300
0.41480000,3.60351562,3.60364815,3.60353320
0.41520000,3.57421875,3.57430794,3.57423632
0.41560000,3.54492188,3.54499921,3.54493945
0.41600000,3.51562500,3.51570288,3.51564257
0.41640000,3.48632812,3.48647992,3.48634570
0.41680000,3.45703125,3.45731311,3.45704882
0.41720000,3.42773438,3.42824801,3.42775195
0.41760000,3.39843750,3.39925284,3.39845507
0.41800000,3.36914062,3.37034831,3.36915820
0.41840000,3.33984375,3.34143843,3.33986132
0.41880000,3.31054688,3.31245070,3.31056445
0.41920000,3.28125000,3.28335960,3.28126757
0.41960000,3.25195312,3.25418132,3.25197070
0.42000000,3.22265625,3.22494272,3.22267382
0.42040000,3.18847656,3.19114189,3.18849706
0.42080000,3.16406250,3.16603395,3.16407715
0.42120000,3.12988281,3.13248873,3.12990331
0.42160000,3.10546875,3.10740071,3.10548340
0.42200000,3.07128906,3.07383350,3.07130956
0.42240000,3.04687500,3.04878240,3.04688965
0.42280000,3.01269531,3.01520121,3.01271581
0.42320000,2.98828125,2.99016206,2.98829590
0.42360000,2.95410156,2.95632181,2.95412206
0.42400000,2.92968750,2.93152565,2.92970215
0.42440000,2.89550781,2.89773775,2.89552831
0.42480000,2.87109375,2.87294078,2.87110840
0.42520000,2.83691406,2.83914660,2.83693456
0.42560000,2.80761719,2.80980689,2.80763476
0.42600000,2.77832031,2.78028125,2.77833788
0.42640000,2.74902344,2.75120129,2.74904101
0.42680000,2.71972656,2.72169374,2.71974413
0.42720000,2.69042969,2.69262100,2.69044726
0.42760000,2.66113281,2.66314374,2.66115038
0.42800000,2.63183594,2.63405051,2.63185351
0.42840000,2.60253906,2.60453641,2.60255663
0.42880000,2.57324219,2.57531956,2.57325976
0.42920000,2.54394531,2.54608004,2.54396288
0.42960000,2.51464844,2.51682059,2.51466601
0.43000000,2.48535156,2.48753748,2.48536913
0.43040000,2.45605469,2.45825311,2.45607226
0.43080000,2.42187500,2.42441416,2.42189550
0.43120000,2.39746094,2.39934643,2.39747558
0.43160000,2.36328125,2.36578667,2.36330175
0.43200000,2.33886719,2.34074651,2.33888183
0.43240000,2.30468750,2.30719470,2.30470800
0.43280000,2.28027344,2.28216106,2.28028808
0.43320000,2.24609375,2.24859217,2.24611425
0.43360000,2.27539062,2.27351983,2.27537308
0.43400000,2.54394531,2.52796197,2.54378434
0.43440000,2.43164062,2.43687476,2.43170784
0.43480000,2.43164062,2.43166291,2.43164067
0.43520000,2.43164062,2.43164081,2.43164063
0.43560000,2.43164062,2.43164063,2.43164063
0.43600000,2.43164062,2.43164063,2.43164062
0.43640000,2.43164062,2.43164063,2.43164062
0.43680000,2.43164062,2.43164063,2.43164062
0.43720000,2.43652344,2.43650073,2.43652051
0.43760000,2.55371094,2.55267782,2.55364070
0.43800000,2.73437500,2.73122997,2.73426667
0.43840000,2.91503906,2.90891439,2.91493071
0.43880000,3.09082031,3.07980723,3.09071489
0.43920000,3.27636719,3.26085475,3.27625591
0.43960000,3.45214844,3.44770076,3.45204301
0.44000000,3.63281250,3.63136307,3.63270415
0.44040000,3.56445312,3.56501710,3.56449403
0.44080000,2.53906250,2.55269477,2.53967711
0.44120000,2.26074219,2.26231974,2.26090937
0.44160000,2.26562500,2.26559439,2.26562217
0.44200000,2.34863281,2.34816138,2.34858306
0.44240000,2.44140625,2.44103020,2.44135061
0.44280000,2.51953125,2.51931181,2.51948439
0.44320000,2.59765625,2.59729284,2.59760940
0.44360000,2.67578125,2.67525139,2.67573440
0.44400000,2.75878906,2.75788517,2.75873928
0.44440000,3.07128906,3.06848793,3.07110173
0.44480000,2.50488281,2.51128715,2.50522219
0.44520000,2.24609375,2.24682733,2.24624906
0.44560000,2.24609375,2.24609591,2.24609384
0.44600000,2.27539062,2.27526948,2.27537307
0.44640000,2.30468750,2.30455424,2.30466993
0.44680000,2.32910156,2.32903752,2.32908692
0.44720000,2.35839844,2.35832339,2.35838087
0.44760000,2.38281250,2.38274935,2.38279786
0.44800000,2.40722656,2.40712139,2.40721192
0.44840000,2.40722656,2.40722580,2.40722655
0.44880000,3.45703125,3.44203590,3.45640203
0.44920000,2.45117188,2.46411478,2.45177438
0.44960000,2.98339844,2.98110249,2.98307980
0.45000000,3.76953125,3.76537702,3.76905988
0.45040000,3.75000000,3.75006130,3.75001142
0.45080000,3.73535156,3.73539005,3.73536035
0.45120000,3.71582031,3.71591742,3.71583202
0.45160000,3.70117188,3.70129740,3.70118066
0.45200000,3.68164062,3.68169909,3.68165234
0.45240000,3.66699219,3.66703829,3.66700097
0.45280000,3.64746094,3.64753393,3.64747265
0.45320000,3.63281250,3.63285074,3.63282129
0.45360000,3.61816406,3.61823996,3.61817285
0.45400000,3.59863281,3.59883338,3.59864452
0.45440000,3.58398438,3.58428204,3.58399316
0.45480000,3.56445312,3.56521763,3.56446484
0.45520000,3.54492188,3.54637640,3.54493359
0.45560000,3.53027344,3.53230314,3.53028222
0.45600000,3.51562500,3.51903570,3.51563379
0.45640000,3.49609375,3.50301870,3.49610546
0.45680000,3.48144531,3.49018939,3.48145410
0.45720000,3.46679688,3.47849768,3.46680566
0.45760000,3.44726562,3.46548050,3.44727734
0.45800000,3.42773438,3.45187076,3.42774609
0.45840000,3.41308594,3.43682185,3.41309472
0.45880000,3.39355469,3.41844880,3.39356640
0.45920000,3.37890625,3.39166804,3.37891504
0.45960000,3.36425781,3.36713247,3.36426660
0.46000000,3.34472656,3.34682957,3.34473827
0.46040000,3.33007812,3.33149824,3.33008691
0.46080000,3.31054688,3.31206967,3.31055859
0.46120000,3.29589844,3.29694219,3.29590722
0.46160000,3.27636719,3.27759742,3.27637890
0.46200000,3.26171875,3.26247437,3.26172754
0.46240000,3.24218750,3.24316377,3.24219921
0.46280000,3.22753906,3.22886800,3.22754785
0.46320000,3.21289062,3.21522388,3.21289941
0.46360000,3.19335938,3.19840652,3.19337109
0.46400000,3.17382812,3.18194034,3.17383984
0.46440000,3.15917969,3.16902073,3.15918847
0.46480000,3.15429688,3.16198366,3.15429981
0.46520000,3.13476562,3.15112776,3.13477733
0.46560000,3.13476562,3.14548146,3.13476563
0.46600000,3.12988281,3.14082718,3.12988574
0.46640000,3.11523438,3.13406195,3.11524316
0.46680000,3.11523438,3.12832318,3.11523438
0.46720000,3.10058594,3.11733638,3.10059472
0.46760000,3.09570312,3.10832040,3.09570606
0.46800000,3.09082031,3.10182047,3.09082324
0.46840000,3.07617188,3.08660422,3.07618066
0.46880000,3.07617188,3.08099376,3.07617188
0.46920000,3.06152344,3.07209073,3.06153222
0.46960000,3.05664062,3.06260733,3.05664356
0.47000000,3.05175781,3.05668078,3.05176074
0.47040000,3.03710938,3.04628319,3.03711816
0.47080000,3.03710938,3.04207703,3.03710938
0.47120000,3.02734375,3.03640356,3.02734960
0.47160000,3.01757812,3.03015583,3.01758398
0.47200000,3.01757812,3.02659257,3.01757813
0.47240000,2.99804688,3.01958314,2.99805858
0.47280000,2.99804688,3.01492790,2.99804688
0.47320000,2.98828125,3.00978225,2.98828710
0.47360000,2.97851562,3.00403746,2.97852148
0.47400000,2.97851562,2.99961096,2.97851563
0.47440000,2.95898438,2.99224486,2.95899608
0.47480000,2.95898438,2.97582637,2.95898438
0.47520000,2.94921875,2.96182842,2.94922460
0.47560000,2.93945312,2.94144193,2.93945898
0.47600000,2.93945312,2.93966142,2.93945313
0.47640000,2.92480469,2.92631861,2.92481347
0.47680000,2.91992188,2.92041660,2.91992481
0.47720000,2.91503906,2.91563382,2.91504199
0.47760000,2.90039062,2.90120394,2.90039941
0.47800000,2.90039062,2.90046605,2.90039063
0.47840000,2.88574219,2.88806232,2.88575097
0.47880000,2.88085938,2.88262729,2.88086231
0.47920000,2.87597656,2.87828939,2.87597949
0.47960000,2.86132812,2.86896529,2.86133691
0.48000000,2.86132812,2.86547936,2.86132813
0.48040000,2.85156250,2.86022219,2.85156835
0.48080000,2.84179688,2.85440520,2.84180273
0.48120000,2.84179688,2.85104354,2.84179688
0.48160000,2.82226562,2.84442481,2.82227733
0.48200000,2.82226562,2.83994938,2.82226563
0.48240000,2.81250000,2.83498404,2.81250585
0.48280000,2.80273438,2.82952875,2.80274023
0.48320000,2.80273438,2.82524421,2.80273438
0.48360000,2.78320312,2.81801028,2.78321483
0.48400000,2.75878906,2.78673912,2.75880370
0.48440000,2.66601562,2.70211803,2.66607124
0.48480000,2.56835938,2.57928920,2.56841794
0.48520000,2.47070312,2.47914424,2.47076169
0.48560000,2.37304688,2.38084901,2.37310544
0.48600000,2.27050781,2.27844862,2.27056931
0.48640000,2.29492188,2.29370341,2.29490728
0.48680000,2.46582031,2.45605637,2.46571787
0.48720000,2.65625000,2.65470301,2.65613580
0.48760000,3.02246094,3.02037336,3.02224137
0.48800000,3.16894531,3.16816208,3.16885738
0.48840000,3.18847656,3.18828038,3.18846480
0.48880000,3.20800781,3.20776474,3.20799610
0.48920000,3.22753906,3.22732608,3.22752735
0.48960000,3.25195312,3.25157471,3.25193848
0.49000000,3.27148438,3.27096719,3.27147266
0.49040000,3.29101562,3.29020576,3.29100391
0.49080000,3.31054688,3.30969114,3.31053516
0.49120000,3.33007812,3.32869774,3.33006641
0.49160000,3.35449219,3.35140567,3.35447755
0.49200000,3.37402344,3.36960002,3.37401172
0.49240000,3.39355469,3.38659164,3.39354297
0.49280000,3.41308594,3.40276129,3.41307422
0.49320000,3.43261719,3.41813934,3.43260547
0.49360000,3.45703125,3.43506498,3.45701661
0.49400000,3.47656250,3.45095965,3.47655078
0.49440000,3.49609375,3.46818330,3.49608204
0.49480000,3.51562500,3.49732299,3.51561329
0.49520000,3.53515625,3.52388402,3.53514454
0.49560000,3.55468750,3.54746584,3.55467579
0.49600000,3.57910156,3.57317446,3.57908692
0.49640000,3.59863281,3.59469876,3.59862110
0.49680000,3.61816406,3.61510860,3.61815235
0.49720000,3.63769531,3.63476625,3.63768360
0.49760000,3.65722656,3.65419925,3.65721485
0.49800000,3.68164062,3.67765132,3.68162598
0.49840000,3.70117188,3.69704825,3.70116016
0.49880000,3.72070312,3.71501062,3.72069141
0.49920000,3.74023438,3.73253360,3.74022266
0.49960000,3.75976562,3.74904208,3.75975391
0.50000000,3.78417969,3.76737573,3.78416505
0.50040000,3.79882812,3.78178644,3.79881934
0.50080000,3.77929688,3.78075104,3.77930858
0.50120000,3.75976562,3.77218808,3.75977734
0.50160000,3.74511719,3.76192416,3.74512597
0.50200000,3.72558594,3.74025040,3.72559765
0.50240000,3.71093750,3.71118690,3.71094629
0.50280000,3.69628906,3.69637617,3.69629785
0.50320000,3.67675781,3.67685170,3.67676952
0.50360000,3.66210938,3.66216237,3.66211816
0.50400000,3.64257812,3.64271791,3.64258984
0.50440000,3.62304688,3.62332106,3.62305859
0.50480000,3.60839844,3.60878313,3.60840722
0.50520000,3.59375000,3.59432561,3.59375879
0.50560000,3.57421875,3.57562476,3.57423046
0.50600000,3.55957031,3.56155007,3.55957910
0.50640000,3.54492188,3.54826028,3.54493066
0.50680000,3.52539062,3.53219523,3.52540234
0.50720000,3.50585938,3.51640219,3.50587109
0.50760000,3.49121094,3.50371215,3.49121972
0.50800000,3.47167969,3.49026132,3.47169140
0.50840000,3.45703125,3.47848933,3.45704004
0.50880000,3.44238281,3.46438531,3.44239160
0.50920000,3.42285156,3.44549639,3.42286327
0.50960000,3.40820312,3.41899669,3.40821191
0.51000000,3.38867188,3.39182874,3.38868359
0.51040000,3.37402344,3.37545411,3.37403222
0.51080000,3.35449219,3.35619125,3.35450390
0.51120000,3.33984375,3.34100778,3.33985254
0.51160000,3.32031250,3.32174739,3.32032421
0.51200000,3.30566406,3.30669961,3.30567285
0.51240000,3.29101562,3.29177900,3.29102441
0.51280000,3.27148438,3.27258138,3.27149609
0.51320000,3.25195312,3.25380552,3.25196484
0.51360000,3.23730469,3.23983569,3.23731347
0.51400000,3.21777344,3.22306126,3.21778515
0.51440000,3.20312500,3.20991772,3.20313379
0.51480000,3.18847656,3.19792987,3.18848535
0.51520000,3.16894531,3.18438483,3.16895702
0.51560000,3.15429688,3.17259792,3.15430566
0.51600000,3.16894531,3.17128168,3.16893654
0.51640000,3.48144531,3.27265851,3.48125800
0.51680000,3.54492188,3.43196443,3.54488372
0.51720000,2.74902344,2.93534836,2.74950045
0.51760000,2.47558594,2.52426354,2.47575011
0.51800000,2.39257812,2.40436028,2.39262798
0.51840000,2.42187500,2.42135202,2.42185747
0.51880000,2.69531250,2.68330046,2.69514860
0.51920000,3.03710938,3.03609621,3.03690441
0.51960000,3.11035156,3.10998029,3.11030754
0.52000000,3.04687500,3.04725879,3.04691302
0.52040000,2.98828125,2.98878235,2.98831639
0.52080000,2.92968750,2.93006608,2.92972264
0.52120000,2.86621094,2.86661079,2.86624900
0.52160000,2.80273438,2.80313106,2.80277244
0.52200000,2.74414062,2.74432241,2.74417577
0.52240000,2.68066406,2.68083250,2.68070213
0.52280000,2.51464844,2.51512891,2.51474796
0.52320000,2.38281250,2.38353209,2.38289158
0.52360000,3.33984375,3.33092784,3.33927018
0.52400000,2.58789062,2.59984873,2.58834098
0.52440000,2.29980469,2.30089853,2.29997763
0.52480000,2.33886719,2.33865340,2.33884388
0.52520000,2.46093750,2.46052526,2.46086432
0.52560000,2.57812500,2.57782045,2.57805472
0.52600000,2.69531250,2.69501372,2.69524222
0.52640000,2.81250000,2.81220681,2.81242972
0.52680000,2.93945312,2.93912422,2.93937699
0.52720000,3.05664062,3.05614228,3.05657034
0.52760000,3.17382812,3.17312115,3.17375784
0.52800000,3.29101562,3.28970815,3.29094534
0.52840000,3.41796875,3.41557529,3.41789262
0.52880000,3.53515625,3.53179471,3.53508597
0.52920000,3.65234375,3.64865343,3.65227347
0.52960000,3.68164062,3.68030625,3.68162302
0.53000000,3.05664062,3.08269569,3.05701522
0.53040000,3.13964844,3.13934628,3.13959891
0.53080000,3.37890625,3.37812906,3.37876282
0.53120000,2.57324219,2.57594788,2.57372499
0.53160000,2.50000000,2.50019464,2.50004419
0.53200000,2.56835938,2.56802678,2.56831843
0.53240000,2.63671875,2.63640892,2.63667775
0.53280000,2.71484375,2.71460140,2.71479690
0.53320000,2.77343750,2.77327331,2.77340235
0.53360000,2.85156250,2.85136305,2.85151565
0.53400000,2.92480469,2.92460557,2.92476076
0.53440000,2.98828125,2.98801204,2.98824318
0.53480000,3.06640625,3.06593235,3.06635940
0.53520000,3.11035156,3.10985210,3.11032519
0.53560000,2.60253906,2.61244360,2.60284341
0.53600000,2.58300781,2.58311050,2.58301970
0.53640000,2.41210938,2.41288399,2.41221181
0.53680000,2.44628906,2.44608666,2.44626864
0.53720000,2.35351562,2.35382121,2.35357122
0.53760000,2.35351562,2.35351642,2.35351566
0.53800000,2.35351562,2.35351563,2.35351563
0.53840000,2.35351562,2.35351563,2.35351563
0.53880000,2.35351562,2.35351563,2.35351562
0.53920000,2.35351562,2.35351563,2.35351562
0.53960000,2.35351562,2.35351562,2.35351562
0.54000000,2.35351562,2.35351562,2.35351562
0.54040000,2.35351562,2.35351562,2.35351562
0.54080000,2.35351562,2.35351562,2.35351562
0.54120000,2.35351562,2.35351562,2.35351562
0.54160000,2.96875000,2.86197724,2.96838125
0.54200000,3.46679688,3.45773763,3.46649814
0.54240000,3.47656250,3.47645516,3.47655647
0.54280000,3.66210938,3.66022424,3.66199816
0.54320000,3.50585938,3.50635497,3.50595296
0.54360000,3.36914062,3.36999990,3.36922263
0.54400000,3.21289062,3.21427436,3.21298433
0.54440000,3.07617188,3.07667667,3.07625388
0.54480000,2.91992188,2.92074271,2.92001558
0.54520000,2.78320312,2.78358292,2.78328513
0.54560000,2.62695312,2.62741679,2.62704683
0.54600000,2.48535156,2.48578288,2.48543649
0.54640000,2.33398438,2.33473762,2.33407515
0.54680000,3.08105469,3.07550354,3.08060697
0.54720000,2.68066406,2.68510559,2.68090378
0.54760000,2.35351562,2.35489969,2.35371185
0.54800000,2.37304688,2.37294760,2.37303529
0.54840000,2.37304688,2.37304655,2.37304687
0.54880000,2.39257812,2.39252754,2.39256642
0.54920000,2.39257812,2.39257799,2.39257812
0.54960000,2.40722656,2.40718921,2.40721778
0.55000000,2.41210938,2.41209533,2.41210644
0.55040000,2.42187500,2.42182997,2.42186915
0.55080000,2.45605469,2.45581347,2.45603420
0.55120000,2.71972656,2.71605872,2.71956851
0.55160000,2.93945312,2.93357143,2.93932133
0.55200000,1.73828125,1.78169236,1.73900112
0.55240000,2.06542969,2.05931260,2.06523404
0.55280000,3.32519531,3.30664790,3.32444013
0.55320000,3.10546875,3.10622277,3.10559999
0.55360000,2.78320312,2.78544810,2.78339636
0.55400000,2.79785156,2.79779379,2.79784290
0.55440000,2.80273438,2.80272038,2.80273144
0.55480000,2.80273438,2.80273432,2.80273437
0.55520000,2.81738281,2.81733280,2.81737403
0.55560000,2.82226562,2.82224981,2.82226269
0.55600000,2.82226562,2.82226558,2.82226562
0.55640000,2.83203125,2.83198431,2.83202540
0.55680000,2.84179688,2.84174484,2.84179102
0.55720000,2.84179688,2.84179633,2.84179687
0.55760000,2.85156250,2.85136187,2.85155665
0.55800000,2.86132812,2.86093473,2.86132227
0.55840000,2.86132812,2.86129935,2.86132812
0.55880000,2.87109375,2.86983874,2.87108790
0.55920000,2.88085938,2.87857379,2.88085352
0.55960000,2.88085938,2.88016725,2.88085937
0.56000000,2.89062500,2.88643117,2.89061915
0.56040000,2.90039062,2.89344203,2.90038477
0.56080000,2.90039062,2.89640019,2.90039062
0.56120000,2.91015625,2.90147948,2.91015040
0.56160000,2.91992188,2.90732948,2.91991602
0.56200000,2.91992188,2.91092837,2.91992187
0.56240000,2.92968750,2.91596748,2.92968165
0.56280000,2.93945312,2.92194701,2.93944727
0.56320000,2.93945312,2.92633293,2.93945312
0.56360000,2.94433594,2.93070051,2.94433301
0.56400000,2.95898438,2.93811392,2.95897559
0.56440000,2.95898438,2.94349573,2.95898437
0.56480000,2.96386719,2.94841671,2.96386426
0.56520000,2.97851562,2.95554636,2.97850684
0.56560000,2.97851562,2.96075221,2.97851562
0.56600000,2.98339844,2.96592553,2.98339551
0.56640000,2.99804688,2.97310929,2.99803809
0.56680000,2.99804688,2.97864977,2.99804687
0.56720000,3.00292969,2.98755401,3.00292676
0.56760000,3.01757812,2.99873529,3.01756934
0.56800000,3.01757812,3.00536047,3.01757812
0.56840000,3.02246094,3.01404185,3.02245801
0.56880000,3.03710938,3.02511343,3.03710059
0.56920000,3.03710938,3.03026307,3.03710937
0.56960000,3.04199219,3.03645426,3.04198926
0.57000000,3.05664062,3.04616440,3.05663184
0.57040000,3.05664062,3.05051744,3.05664062
0.57080000,3.06152344,3.05466539,3.06152051
0.57120000,3.07617188,3.06170712,3.07616309
0.57160000,3.07617188,3.06582293,3.07617187
0.57200000,3.07617188,3.06841885,3.07617187
0.57240000,3.09570312,3.07505127,3.09569142
0.57280000,3.09570312,3.07997358,3.09570312
0.57320000,3.09570312,3.08348969,3.09570312
0.57360000,3.11523438,3.09104630,3.11522267
0.57400000,3.11523438,3.09705779,3.11523437
0.57440000,3.11523438,3.10139893,3.11523437
0.57480000,3.13476562,3.10913880,3.13475392
0.57520000,3.13476562,3.11572528,3.13476562
0.57560000,3.13476562,3.12192980,3.13476562
0.57600000,3.15429688,3.13235245,3.15428517
0.57640000,3.14941406,3.13751834,3.14941698
0.57680000,3.11035156,3.12381427,3.11037498
0.57720000,3.06152344,3.09366473,3.06155272
0.57760000,3.01757812,3.04221823,3.01760448
0.57800000,2.97363281,2.97385005,2.97365917
0.57840000,2.92480469,2.92493941,2.92483397
0.57880000,2.88085938,2.88099214,2.88088573
0.57920000,2.83203125,2.83219105,2.83206053
0.57960000,2.78320312,2.78350798,2.78323241
0.58000000,2.73925781,2.73976642,2.73928417
0.58040000,2.69042969,2.69135470,2.69045897
0.58080000,2.64648438,2.64766821,2.64651073
0.58120000,2.59765625,2.59929428,2.59768553
0.58160000,2.55371094,2.55558499,2.55373729
0.58200000,2.50976562,2.51199578,2.50979198
0.58240000,2.46093750,2.46357385,2.46096678
0.58280000,2.41210938,2.41484605,2.41213866
0.58320000,2.36816406,2.37079363,2.36819042
0.58360000,2.32421875,2.32675410,2.32424511
0.58400000,2.27539062,2.27829290,2.27541991
0.58440000,2.23632812,2.23860479,2.23635156
0.58480000,2.18750000,2.19037808,2.18752928
0.58520000,2.14355469,2.14625401,2.14358104
0.58560000,2.09960938,2.10209931,2.09963573
0.58600000,2.06054688,2.06275145,2.06057030
0.58640000,2.01171875,2.01451762,2.01174803
0.58680000,1.96777344,1.97040355,1.96779979
0.58720000,1.99707031,1.99565827,1.99705277
0.58760000,2.12402344,2.11687648,2.12394734
0.58800000,2.24609375,2.24485252,2.24602054
0.58840000,2.37304688,2.37257760,2.37297074
0.58880000,2.50000000,2.49945248,2.49992386
0.58920000,2.62207031,2.62107372,2.62199710
0.58960000,2.72949219,2.72846811,2.72942776
0.59000000,2.38281250,2.38696936,2.38302025
0.59040000,2.45605469,2.45561308,2.45601091
0.59080000,2.66601562,2.66391526,2.66588975
0.59120000,2.87597656,2.87368108,2.87585064
0.59160000,3.08593750,3.08205309,3.08581158
0.59200000,3.29589844,3.29268263,3.29577252
0.59240000,3.50585938,3.50211980,3.50573346
0.59280000,3.70605469,3.70167082,3.70593462
0.59320000,3.63769531,3.63901314,3.63773621
0.59360000,3.43261719,3.43872796,3.43274013
0.59400000,3.23242188,3.23495961,3.23254194
0.59440000,3.02734375,3.02802396,3.02746674
0.59480000,2.82226562,2.82333734,2.82238862
0.59520000,2.62207031,2.62342275,2.62219038
0.59560000,2.41699219,2.41755370,2.41711518
0.59600000,2.29980469,2.30012582,2.29987500
0.59640000,2.35351562,2.35326912,2.35348347
0.59680000,2.35351562,2.35351424,2.35351561
0.59720000,2.35351562,2.35351562,2.35351562
0.59760000,2.35351562,2.35351562,2.35351562
0.59800000,2.35351562,2.35351562,2.35351562
0.59840000,2.35351562,2.35351562,2.35351562
0.59880000,2.35351562,2.35351562,2.35351562
0.59920000,2.35351562,2.35351562,2.35351562
0.59960000,2.35351562,2.35351562,2.35351562
0.60000000,2.35351562,2.35351562,2.35351562
0.60040000,2.35351562,2.35351562,2.35351562
0.60080000,2.35351562,2.35351562,2.35351562
0.60120000,2.35351562,2.35351562,2.35351562
0.60160000,2.35351562,2.35351562,2.35351562
0.60200000,2.35351562,2.35351562,2.35351562
0.60240000,2.35351562,2.35351562,2.35351562
0.60280000,2.35351562,2.35351562,2.35351562
0.60320000,2.35351562,2.35351562,2.35351562
0.60360000,2.35351562,2.35351562,2.35351562
0.60400000,2.35351562,2.35351562,2.35351562
0.60440000,2.35351562,2.35351562,2.35351562
0.60480000,2.35351562,2.35351562,2.35351562
0.60520000,2.35351562,2.35351562,2.35351562
0.60560000,2.35351562,2.35351562,2.35351562
0.60600000,2.35351562,2.35351562,2.35351562
0.60640000,2.35351562,2.35351562,2.35351562
0.60680000,2.35351562,2.35351562,2.35351562
0.60720000,2.35351562,2.35351562,2.35351562
0.60760000,2.35351562,2.35351562,2.35351562
0.60800000,2.35351562,2.35351562,2.35351562
0.60840000,2.35351562,2.35351562,2.35351562
0.60880000,2.35351562,2.35351562,2.35351562
0.60920000,2.35351562,2.35351562,2.35351562
0.60960000,2.35351562,2.35351562,2.35351562
0.61000000,2.35351562,2.35351562,2.35351562
0.61040000,2.35351562,2.35351562,2.35351562
0.61080000,2.35351562,2.35351562,2.35351562
0.61120000,2.35351562,2.35351562,2.35351562
0.61160000,2.35351562,2.35351562,2.35351562
0.61200000,2.35351562,2.35351562,2.35351562
0.61240000,2.35351562,2.35351562,2.35351562
0.61280000,2.35351562,2.35351562,2.35351562
0.61320000,2.35351562,2.35351562,2.35351562
0.61360000,2.35351562,2.35351562,2.35351562
0.61400000,2.35351562,2.35351562,2.35351562
0.61440000,2.35351562,2.35351562,2.35351562
0.61480000,2.35351562,2.35351562,2.35351562
0.61520000,2.35351562,2.35351562,2.35351562
0.61560000,2.35351562,2.35351562,2.35351562
0.61600000,2.35351562,2.35351562,2.35351562
0.61640000,2.35351562,2.35351562,2.35351562
0.61680000,2.35351562,2.35351562,2.35351562
0.61720000,2.35351562,2.35351562,2.35351562
0.61760000,2.35351562,2.35351562,2.35351562
0.61800000,2.35351562,2.35351562,2.35351562
0.61840000,2.35351562,2.35351562,2.35351562
0.61880000,2.35351562,2.35351562,2.35351562
0.61920000,2.36816406,2.35490981,2.36815528
0.61960000,2.37304688,2.35663952,2.37304394
0.62000000,2.37304688,2.35820949,2.37304687
0.62040000,2.37304688,2.35965389,2.37304687
0.62080000,2.37304688,2.36101799,2.37304687
0.62120000,2.37304688,2.36239603,2.37304688
0.62160000,2.37792969,2.36469632,2.37792676
0.62200000,2.39257812,2.37009274,2.39256934
0.62240000,2.39257812,2.37475043,2.39257812
0.62280000,2.39257812,2.37839147,2.39257812
0.62320000,2.39257812,2.38122126,2.39257812
0.62360000,2.39257812,2.38349949,2.39257812
0.62400000,2.39257812,2.38538596,2.39257812
0.62440000,2.40722656,2.39014010,2.40721778
0.62480000,2.41210938,2.39482308,2.41210644
0.62520000,2.41210938,2.39866624,2.41210937
0.62560000,2.41210938,2.40154834,2.41210937
0.62600000,2.41210938,2.40370164,2.41210937
0.62640000,2.41210938,2.40542857,2.41210938
0.62680000,2.42187500,2.40912038,2.42186915
0.62720000,2.43164062,2.41460963,2.43163477
0.62760000,2.43164062,2.41861300,2.43164062
0.62800000,2.43164062,2.42146530,2.43164062
0.62840000,2.44140625,2.42556662,2.44140040
0.62880000,2.45605469,2.43197343,2.45604590
0.62920000,2.47070312,2.44101642,2.47069434
0.62960000,2.48535156,2.45298424,2.48534278
0.63000000,2.50000000,2.46604370,2.49999121
0.63040000,2.51464844,2.48489495,2.51463965
0.63080000,2.52929688,2.51082404,2.52928809
0.63120000,2.54394531,2.53583705,2.54393653
0.63160000,2.55859375,2.55341902,2.55858496
0.63200000,2.56835938,2.56612775,2.56835352
0.63240000,2.58789062,2.58508566,2.58787892
0.63280000,2.60253906,2.60036379,2.60253028
0.63320000,2.61718750,2.61500436,2.61717871
0.63360000,2.62695312,2.62517267,2.62694727
0.63400000,2.64648438,2.64221549,2.64647267
0.63440000,2.66113281,2.65575788,2.66112403
0.63480000,2.67089844,2.66506092,2.67089258
0.63520000,2.68554688,2.67567074,2.68553809
0.63560000,2.70507812,2.68839757,2.70506641
0.63600000,2.71972656,2.69980925,2.71971778
0.63640000,2.72949219,2.70912020,2.72948633
0.63680000,2.74414062,2.71934096,2.74413184
0.63720000,2.76367188,2.73173287,2.76366016
0.63760000,2.77832031,2.74722345,2.77831153
0.63800000,2.78320312,2.76466734,2.78320019
0.63840000,2.79785156,2.78568786,2.79784278
0.63880000,2.80273438,2.79940442,2.80273144
0.63920000,2.81250000,2.81018088,2.81249415
0.63960000,2.82226562,2.82006732,2.82225977
0.64000000,2.82226562,2.82190871,2.82226562
0.64040000,2.84179688,2.83884194,2.84178517
0.64080000,2.84179688,2.84128128,2.84179687
0.64120000,2.85644531,2.85264087,2.85643653
0.64160000,2.86132812,2.85833716,2.86132519
0.64200000,2.86621094,2.86271395,2.86620801
0.64240000,2.88085938,2.87127972,2.88085059
0.64280000,2.88085938,2.87514688,2.88085937
0.64320000,2.90039062,2.88391555,2.90037892
0.64360000,2.90039062,2.88884018,2.90039062
0.64400000,2.91503906,2.89590115,2.91503028
0.64440000,2.91992188,2.90186625,2.91991894
0.64480000,2.92480469,2.90788289,2.92480176
0.64520000,2.93945312,2.91674221,2.93944434
0.64560000,2.93945312,2.92288067,2.93945312
0.64600000,2.95898438,2.93298838,2.95897267
0.64640000,2.95898438,2.94205184,2.95898437
0.64680000,2.96875000,2.95115754,2.96874415
0.64720000,2.97851562,2.96319094,2.97850977
0.64760000,2.98339844,2.97250514,2.98339551
0.64800000,2.99804688,2.98379753,2.99803809
0.64840000,2.99804688,2.99325514,2.99804687
0.64880000,3.01269531,3.00494036,3.01268653
0.64920000,3.01757812,3.01355341,3.01757519
0.64960000,3.02734375,3.02188359,3.02733790
0.65000000,3.03710938,3.02984461,3.03710352
0.65040000,3.04199219,3.03531073,3.04198926
0.65080000,3.05664062,3.04341348,3.05663184
0.65120000,3.05664062,3.04772102,3.05664062
0.65160000,3.07128906,3.05446287,3.07128028
0.65200000,3.07617188,3.05994939,3.07616894
0.65240000,3.08593750,3.06620401,3.08593165
0.65280000,3.09570312,3.07305662,3.09569727
0.65320000,3.09570312,3.07817721,3.09570312
0.65360000,3.11523438,3.08691834,3.11522267
0.65400000,3.11523438,3.09393211,3.11523437
0.65440000,3.12988281,3.10329759,3.12987403
0.65480000,3.13476562,3.11531741,3.13476269
0.65520000,3.14453125,3.12802299,3.14452540
0.65560000,3.17382812,3.15442311,3.17381056
0.65600000,3.65722656,3.53856784,3.65693682
0.65640000,3.77929688,3.77579744,3.77922354
0.65680000,3.77929688,3.77926186,3.77929683
0.65720000,3.77929688,3.77929664,3.77929687
0.65760000,3.74023438,3.74069649,3.74025779
0.65800000,2.62695312,2.64016549,2.62762041
0.65840000,2.33886719,2.34285421,2.33904026
0.65880000,2.33398438,2.33417934,2.33398741
0.65920000,2.31445312,2.31450775,2.31446483
0.65960000,2.30468750,2.30471220,2.30469336
0.66000000,2.29492188,2.29496248,2.29492773
0.66040000,2.27539062,2.27545494,2.27540233
0.66080000,2.26562500,2.26567565,2.26563086
0.66120000,2.25585938,2.25593141,2.25586523
0.66160000,2.24121094,2.24129767,2.24121972
0.66200000,2.23144531,2.23156005,2.23145117
0.66240000,2.24609375,2.24576295,2.24608497
0.66280000,2.41210938,2.40486353,2.41200987
0.66320000,2.43164062,2.42950572,2.43162886
0.66360000,2.43164062,2.43135717,2.43164062
0.66400000,2.43164062,2.43158092,2.43164062
0.66440000,2.43164062,2.43162313,2.43164062
0.66480000,2.43164062,2.43163537,2.43164062
0.66520000,2.43164062,2.43163882,2.43164062
0.66560000,2.43164062,2.43164016,2.43164062
0.66600000,2.43164062,2.43164059,2.43164062
0.66640000,2.43164062,2.43164062,2.43164062
0.66680000,2.43164062,2.43164062,2.43164062
0.66720000,2.41210938,2.41819306,2.41212108
0.66760000,2.28027344,2.33761050,2.28035246
0.66800000,2.25585938,2.29770062,2.25587406
0.66840000,2.25585938,2.27946108,2.25585938
0.66880000,2.26562500,2.27199965,2.26561915
0.66920000,2.27539062,2.27437475,2.27538477
0.66960000,2.27539062,2.27527348,2.27539062
0.67000000,2.27539062,2.27537341,2.27539062
0.67040000,2.27539062,2.27538904,2.27539062
0.67080000,2.27539062,2.27539059,2.27539062
0.67120000,2.29003906,2.28981265,2.29003028
0.67160000,2.29492188,2.29477012,2.29491894
0.67200000,2.29492188,2.29491336,2.29492187
0.67240000,2.29492188,2.29492101,2.29492187
0.67280000,2.29492188,2.29492173,2.29492187
0.67320000,2.29492188,2.29492184,2.29492188
0.67360000,2.31445312,2.30734203,2.31444142
0.67400000,2.31445312,2.31114464,2.31445312
0.67440000,2.31445312,2.31264620,2.31445312
0.67480000,2.31445312,2.31333309,2.31445312
0.67520000,2.31445312,2.31368898,2.31445312
0.67560000,2.31933594,2.31521672,2.31933301
0.67600000,2.33398438,2.31969300,2.33397559
0.67640000,2.33398438,2.32276438,2.33398437
0.67680000,2.33398438,2.32502459,2.33398437
0.67720000,2.33398438,2.32677531,2.33398437
0.67760000,2.33398438,2.32812316,2.33398438
0.67800000,2.34375000,2.33102120,2.34374415
0.67840000,2.35351562,2.33556722,2.35350977
0.67880000,2.35351562,2.33961685,2.35351562
0.67920000,2.34863281,2.34161585,2.34863574
0.67960000,2.32910156,2.33889064,2.32911327
0.68000000,2.30957031,2.33195573,2.30958203
0.68040000,2.29003906,2.31938839,2.29005078
0.68080000,2.27050781,2.30154315,2.27051953
0.68120000,2.25097656,2.25983400,2.25098828
0.68160000,2.23144531,2.23160113,2.23145703
0.68200000,2.21679688,2.21690652,2.21680566
0.68240000,2.19726562,2.19753904,2.19727734
0.68280000,2.17773438,2.17824593,2.17774609
0.68320000,2.15820312,2.15897384,2.15821484
0.68360000,2.13867188,2.13961540,2.13868359
0.68400000,2.11914062,2.11996384,2.11915234
0.68440000,2.09960938,2.10015939,2.09962109
0.68480000,2.08007812,2.08107822,2.08008984
0.68520000,2.06054688,2.06241058,2.06055859
0.68560000,2.04101562,2.04432047,2.04102734
0.68600000,2.02148438,2.02696880,2.02149609
0.68640000,2.00195312,2.01039494,2.00196484
0.68680000,1.98242188,1.99445572,1.98243359
0.68720000,1.96289062,1.97868796,1.96290234
0.68760000,1.99218750,1.98510566,1.99216995
0.68800000,2.41210938,2.16197764,2.41185768
0.68840000,2.90039062,2.65902712,2.90009781
0.68880000,3.00292969,2.97181614,3.00286805
0.68920000,2.68554688,2.70185209,2.68573707
0.68960000,2.45117188,2.46946045,2.45131247
0.69000000,2.46582031,2.46594660,2.46581162
0.69040000,2.49511719,2.49484951,2.49509962
0.69080000,2.51953125,2.51914114,2.51951661
0.69120000,2.54394531,2.54371251,2.54393067
0.69160000,2.57812500,2.57802837,2.57810450
0.69200000,2.60253906,2.60247560,2.60252442
0.69240000,2.63183594,2.63171494,2.63181837
0.69280000,2.65625000,2.65607707,2.65623536
0.69320000,2.68554688,2.68513801,2.68552931
0.69360000,2.71484375,2.71405304,2.71482618
0.69400000,2.73925781,2.73799861,2.73924317
0.69440000,2.76855469,2.76582357,2.76853712
0.69480000,3.04687500,3.01007404,3.04670817
0.69520000,2.53906250,2.55450035,2.53936677
0.69560000,2.37304688,2.37364237,2.37314656
0.69600000,2.32910156,2.32922057,2.32912796
0.69640000,2.27539062,2.27553343,2.27542283
0.69680000,2.42187500,2.42144041,2.42178722
0.69720000,2.77343750,2.77233484,2.77322673
0.69760000,2.58300781,2.58367348,2.58312182
0.69800000,2.49023438,2.49049149,2.49029005
0.69840000,2.40234375,2.40261854,2.40239646
0.69880000,2.30468750,2.30519654,2.30474606
0.69920000,3.16894531,3.16622326,3.16842734
0.69960000,3.76464844,3.76270225,3.76429108
0.70000000,3.63281250,3.63363821,3.63289130
0.70040000,3.48632812,3.48683972,3.48641597
0.70080000,3.33007812,3.33066553,3.33017183
0.70120000,3.15429688,3.15539242,3.15440229
0.70160000,2.51953125,2.52255664,2.51991177
0.70200000,2.43164062,2.43248465,2.43169353
0.70240000,2.43164062,2.43164293,2.43164066
0.70280000,2.43164062,2.43164063,2.43164063
0.70320000,2.43164062,2.43164063,2.43164063
0.70360000,2.61718750,2.61671872,2.61707629
0.70400000,2.73925781,2.73891458,2.73918458
0.70440000,2.65625000,2.65664085,2.65629971
0.70480000,2.56347656,2.56406684,2.56353220
0.70520000,2.48046875,2.48125897,2.48051854
0.70560000,1.98730469,1.99562702,1.98760030
0.70600000,3.06152344,3.02998548,3.06087976
0.70640000,2.86132812,2.86325068,2.86144773
0.70680000,2.66601562,2.66654836,2.66613276
0.70720000,2.47070312,2.47119350,2.47082026
0.70760000,2.26562500,2.26614383,2.26574799
0.70800000,2.07031250,2.07081560,2.07042964
0.70840000,1.87500000,1.87552511,1.87511713
0.70880000,1.66992188,1.67044069,1.67004486
0.70920000,1.47460938,1.47534026,1.47472651
0.70960000,1.28417969,1.28512022,1.28429390
0.71000000,1.25000000,1.25020116,1.25002055
0.71040000,1.28906250,1.28880430,1.28903910
0.71080000,1.32812500,1.32798939,1.32810157
0.71120000,1.36718750,1.36705205,1.36716407
0.71160000,1.40625000,1.40612330,1.40622657
0.71200000,1.44042969,1.44028162,1.44040919
0.71240000,1.47460938,1.47440503,1.47458888
0.71280000,1.51367188,1.51330715,1.51364845
0.71320000,1.55273438,1.55211817,1.55271095
0.71360000,1.59179688,1.59069383,1.59177345
0.71400000,1.63085938,1.62903226,1.63083595
0.71440000,1.66992188,1.66718840,1.66989845
0.71480000,1.70898438,1.70535699,1.70896095
0.71520000,1.74804688,1.74360994,1.74802345
0.71560000,1.78710938,1.78215642,1.78708595
0.71600000,1.82617188,1.82112446,1.82614845
0.71640000,1.86523438,1.86023157,1.86521095
0.71680000,1.90429688,1.89937957,1.90427345
0.71720000,1.94335938,1.93852258,1.94333595
0.71760000,1.98242188,1.97764825,1.98239845
0.71800000,2.01171875,2.00804368,2.01170118
0.71840000,2.05078125,2.04610730,2.05075783
0.71880000,2.08984375,2.08504745,2.08982032
0.71920000,2.12890625,2.12406727,2.12888282
0.71960000,2.16796875,2.16312687,2.16794532
0.72000000,2.20703125,2.20220704,2.20700782
0.72040000,2.24609375,2.24126592,2.24607032
0.72080000,2.28515625,2.28042021,2.28513282
0.72120000,2.32421875,2.31934257,2.32419532
0.72160000,2.29492188,2.29755605,2.29493942
0.72200000,2.67089844,2.62800703,2.67067310
0.72240000,2.52929688,2.53024288,2.52938161
0.72280000,2.10937500,2.11291087,2.10962674
0.72320000,2.03613281,2.03634416,2.03617686
0.72360000,3.24218750,3.23771181,3.24146465
0.72400000,3.15429688,3.15471478,3.15434912
0.72440000,2.81250000,2.81363506,2.81270489
0.72480000,2.29980469,2.30175264,2.30011210
0.72520000,2.33886719,2.33877052,2.33884396
0.72560000,2.78808594,2.78687788,2.78781668
0.72600000,2.76367188,2.76374302,2.76368635
0.72640000,3.45214844,3.44964226,3.45173579
0.72680000,3.18847656,3.18921956,3.18863435
0.72720000,3.09570312,3.09615684,3.09575883
0.72760000,2.79785156,2.79942491,2.79803012
0.72800000,2.73437500,2.73472125,2.73441315
0.72840000,2.01660156,2.02224534,2.01703180
0.72880000,2.27050781,2.26791343,2.27035589
0.72920000,2.93457031,2.92839299,2.93417220
0.72960000,3.77441406,3.76911473,3.77391045
0.73000000,3.46679688,3.46826311,3.46698095
0.73040000,2.22656250,2.23440681,2.22730597
0.73080000,2.92480469,2.92165433,2.92438663
0.73120000,2.77343750,2.77430804,2.77352797
0.73160000,2.33398438,2.33547346,2.33424782
0.73200000,2.67089844,2.66935130,2.67069666
0.73240000,2.54882812,2.54940702,2.54890117
0.73280000,2.81250000,2.81141857,2.81234201
0.73320000,2.74414062,2.74432652,2.74418150
0.73360000,2.81738281,2.81718460,2.81733894
0.73400000,2.41699219,2.41815658,2.41723214
0.73440000,2.72460938,2.72368042,2.72442514
0.73480000,2.62207031,2.62234741,2.62213166
0.73520000,2.63671875,2.63667872,2.63671001
0.73560000,2.30468750,2.30554229,2.30488650
0.73600000,2.81738281,2.81609752,2.81707564
0.73640000,2.93945312,2.93889780,2.93937978
0.73680000,2.63183594,2.63286184,2.63202027
0.73720000,3.53027344,3.52707627,3.52973505
0.73760000,3.73046875,3.72992736,3.73034844
0.73800000,3.65234375,3.65265933,3.65239050
0.73840000,3.57421875,3.57483584,3.57426560
0.73880000,3.49609375,3.49677404,3.49614060
0.73920000,3.41796875,3.41851882,3.41801560
0.73960000,3.33984375,3.34007625,3.33989060
0.74000000,3.26171875,3.26196851,3.26176560
0.74040000,3.19335938,3.19353623,3.19340038
0.74080000,3.12500000,3.12520465,3.12504100
0.74120000,3.04687500,3.04731053,3.04692185
0.74160000,2.96875000,2.96951862,2.96879685
0.74200000,2.89062500,2.89186389,2.89067185
0.74240000,2.81250000,2.81428580,2.81254685
0.74280000,2.73437500,2.73665159,2.73442185
0.74320000,2.65625000,2.65884912,2.65629685
0.74360000,2.57812500,2.58103195,2.57817185
0.74400000,2.50976562,2.51251088,2.50980663
0.74440000,2.44628906,2.44883880,2.44632713
0.74480000,2.41699219,2.41823652,2.41700977
0.74520000,2.40234375,2.40298313,2.40235254
0.74560000,2.38769531,2.38832663,2.38770410
0.74600000,2.37304688,2.37370553,2.37305566
0.74640000,2.24121094,2.24712150,2.24128996
0.74680000,2.57812500,2.56263158,2.57792311
0.74720000,2.19726562,2.20099015,2.19749378
0.74760000,2.48535156,2.48341080,2.48517903
0.74800000,2.71972656,2.71791136,2.71958598
0.74840000,2.65136719,2.65175324,2.65140808
0.74880000,2.71484375,2.71449262,2.71480573
0.74920000,2.77832031,2.77765444,2.77828224
0.74960000,2.66601562,2.66794992,2.66608291
0.75000000,2.89550781,2.89483889,2.89537030
0.75040000,2.55371094,2.55475123,2.55391572
0.75080000,2.81738281,2.81668869,2.81722490
0.75120000,2.41699219,2.41850227,2.41723207
0.75160000,2.72460938,2.72296677,2.72442514
0.75200000,3.21289062,3.21147693,3.21259785
0.75240000,2.76855469,2.76989448,2.76882083
0.75280000,3.12011719,3.11894566,3.11990663
0.75320000,2.69531250,2.69643065,2.69556699
0.75360000,2.50000000,2.50051832,2.50011722
0.75400000,2.71972656,2.71912224,2.71959494
0.75440000,2.49023438,2.49088168,2.49037185
0.75480000,2.59765625,2.59738197,2.59759195
0.75520000,2.94433594,2.94326225,2.94412811
0.75560000,2.74902344,2.74953831,2.74914038
0.75600000,2.64648438,2.64674216,2.64654590
0.75640000,2.50000000,2.50040437,2.50008784
0.75680000,2.92480469,2.92355531,2.92455013
0.75720000,2.57812500,2.57926213,2.57833264
0.75760000,2.44628906,2.44663305,2.44636821
0.75800000,2.90039062,2.89924327,2.90011850
0.75840000,2.71972656,2.72018842,2.71983468
0.75880000,2.64160156,2.64180111,2.64164845
0.75920000,2.50000000,2.50037261,2.50008490
0.75960000,2.86132812,2.86040899,2.86111161
0.76000000,2.99316406,2.99279268,2.99308491
0.76040000,2.66601562,2.66699265,2.66621166
0.76080000,2.94921875,2.94844748,2.94904912
0.76120000,2.64160156,2.64239444,2.64178584
0.76160000,2.58789062,2.58803267,2.58792293
0.76200000,3.12988281,3.12851252,3.12955798
0.76240000,2.56835938,2.57054637,2.56869574
0.76280000,2.71484375,2.71442713,2.71475615
0.76320000,2.80761719,2.80737670,2.80756153
0.76360000,2.56347656,2.56411089,2.56362286
0.76400000,2.37304688,2.37354915,2.37316110
0.76440000,2.61230469,2.61167676,2.61216135
0.76480000,2.43652344,2.43703446,2.43662871
0.76520000,2.91503906,2.91380452,2.91475232
0.76560000,2.93945312,2.93938274,2.93943832
0.76600000,2.79296875,2.79356249,2.79305654
0.76640000,2.43652344,2.43746693,2.43673713
0.76680000,2.41210938,2.41217429,2.41212414
0.76720000,2.60253906,2.60204359,2.60242493
0.76760000,2.54882812,2.54896876,2.54886025
0.76800000,3.08105469,3.07967711,3.08073571
0.76840000,2.78320312,2.78400372,2.78338146
0.76880000,2.84667969,2.84636474,2.84664175
0.76920000,2.56347656,2.56450453,2.56364628
0.76960000,2.35351562,2.35440823,2.35364157
0.77000000,2.83691406,2.83341710,2.83662440
0.77040000,2.67578125,2.67762868,2.67587765
0.77080000,2.83203125,2.82874739,2.83193766
0.77120000,2.79296875,2.79306992,2.79299211
0.77160000,3.01269531,3.01208690,3.01256363
0.77200000,1.82617188,1.82949126,1.82688296
0.77240000,2.23632812,2.23530669,2.23608272
0.77280000,2.33886719,2.33859506,2.33880558
0.77320000,2.92480469,2.92332238,2.92445346
0.77360000,2.76855469,2.76902862,2.76864813
0.77400000,3.04687500,3.04530808,3.04670824
0.77440000,2.65625000,2.65796763,2.65648403
0.77480000,2.37304688,2.37462619,2.37321676
0.77520000,2.79296875,2.79182106,2.79271716
0.77560000,2.71972656,2.72009024,2.71977031
0.77600000,2.58300781,2.58341296,2.58308978
0.77640000,2.42675781,2.42715768,2.42685151
0.77680000,2.58789062,2.58748277,2.58779410
0.77720000,3.19824219,3.19670841,3.19787630
0.77760000,2.68066406,2.68224858,2.68097406
0.77800000,2.57324219,2.57352255,2.57330676
0.77840000,2.39257812,2.39305179,2.39268645
0.77880000,3.29101562,3.28805778,3.29047719
0.77920000,2.94433594,2.94558112,2.94454340
0.77960000,2.90039062,2.90052866,2.90041709
0.78000000,2.31933594,2.32102376,2.31968422
0.78040000,2.84179688,2.84046589,2.84148394
0.78080000,2.52929688,2.53022570,2.52948399
0.78120000,2.58300781,2.58286967,2.58297573
0.78160000,2.75878906,2.75834331,2.75868369
0.78200000,2.75390625,2.75391766,2.75390911
0.78240000,2.43652344,2.43733687,2.43671367
0.78280000,2.68554688,2.68476060,2.68539773
0.78320000,3.06152344,3.06023586,3.06129800
0.78360000,2.77343750,2.77451434,2.77361003
0.78400000,2.64648438,2.64681826,2.64656057
0.78440000,3.12988281,3.12857526,3.12959312
0.78480000,2.49511719,2.49714413,2.49549747
0.78520000,2.75390625,2.75227601,2.75375137
0.78560000,2.86132812,2.86102732,2.86126365
0.78600000,2.51464844,2.51564786,2.51485619
0.78640000,2.53417969,2.53413246,2.53416811
0.78680000,2.65136719,2.65106106,2.65129694
0.78720000,2.76367188,2.76336984,2.76360452
0.78760000,3.22265625,3.22134281,3.22238111
0.78800000,2.69042969,2.69216423,2.69074852
0.78840000,2.31933594,2.32034565,2.31955855
0.78880000,3.00781250,3.00607149,3.00739998
0.78920000,2.61718750,2.61841739,2.61742138
0.78960000,2.62695312,2.62692661,2.62694741
0.79000000,3.18847656,3.18516800,3.18814000
0.79040000,2.70996094,2.71143340,2.71024754
0.79080000,2.88574219,2.88529305,2.88563700
0.79120000,2.77343750,2.77374185,2.77350475
0.79160000,2.44140625,2.44236355,2.44160530
0.79200000,2.67578125,2.67514198,2.67564089
0.79240000,2.71972656,2.71957154,2.71970014
0.79280000,2.79296875,2.79276291,2.79292484
0.79320000,2.46093750,2.46177119,2.46113648
0.79360000,2.46093750,2.46093963,2.46093762
0.79400000,2.90039062,2.89913143,2.90012723
0.79440000,2.09960938,2.10240424,2.10008918
0.79480000,2.85156250,2.84951921,2.85111209
0.79520000,2.68066406,2.68119560,2.68076622
0.79560000,3.05175781,3.05079766,3.05153545
0.79600000,2.86621094,2.86675043,2.86632202
0.79640000,2.66601562,2.66658195,2.66613568
0.79680000,2.48535156,2.48605873,2.48545992
0.79720000,2.82226562,2.82006370,2.82206375
0.79760000,2.26562500,2.26714641,2.26595851
0.79800000,2.55859375,2.55785327,2.55841835
0.79840000,2.99316406,2.99202309,2.99290349
0.79880000,2.73437500,2.73518973,2.73452995
0.79920000,2.65136719,2.65158391,2.65141703
0.79960000,2.77343750,2.77310748,2.77336436
0.80000000,3.02246094,3.02139232,3.02231164
0.80040000,2.98339844,2.98352417,2.98342176
0.80080000,2.68066406,2.68147862,2.68084553
0.80120000,2.47558594,2.47612367,2.47570896
0.80160000,2.62695312,2.62656876,2.62686247
0.80200000,2.86132812,2.86070813,2.86118759
0.80240000,2.53417969,2.53506825,2.53437569
0.80280000,2.85156250,2.85076591,2.85137239
0.80320000,2.57324219,2.57394855,2.57340889
0.80360000,3.12988281,3.12720041,3.12954928
0.80400000,3.18847656,3.18829487,3.18844124
0.80440000,2.89550781,2.89704193,2.89568339
0.80480000,2.83691406,2.83707762,2.83694929
0.80520000,2.19726562,2.19891872,2.19764903
0.80560000,2.26074219,2.26053844,2.26070437
0.80600000,2.43652344,2.43568697,2.43641806
0.80640000,2.79785156,2.79683858,2.79763493
0.80680000,2.92480469,2.92448234,2.92472847
0.80720000,3.00781250,3.00747534,3.00776270
0.80760000,2.48535156,2.48811708,2.48566468
0.80800000,2.50000000,2.49993841,2.49999141
0.80840000,2.28027344,2.28103041,2.28040513
0.80880000,2.66113281,2.65878701,2.66090462
0.80920000,2.44140625,2.44214629,2.44153781
0.80960000,3.33984375,3.33736198,3.33930533
0.81000000,3.77929688,3.77812477,3.77903316
0.81040000,3.77929688,3.77929245,3.77929672
0.81080000,3.77929688,3.77929686,3.77929687
0.81120000,3.77929688,3.77929687,3.77929687
0.81160000,3.77929688,3.77929687,3.77929688
0.81200000,3.77929688,3.77929687,3.77929688
0.81240000,3.77929688,3.77929688,3.77929688
0.81280000,3.77929688,3.77929688,3.77929688
0.81320000,3.77929688,3.77929688,3.77929688
0.81360000,3.77929688,3.77929688,3.77929688
0.81400000,3.77929688,3.77929688,3.77929688
0.81440000,3.77929688,3.77929688,3.77929688
0.81480000,3.77929688,3.77929688,3.77929688
0.81520000,3.77929688,3.77929688,3.77929688
0.81560000,3.77929688,3.77929688,3.77929688
0.81600000,3.77929688,3.77929688,3.77929688
0.81640000,3.77929688,3.77929688,3.77929688
0.81680000,3.77929688,3.77929688,3.77929688
0.81720000,3.77929688,3.77929688,3.77929688
0.81760000,3.77929688,3.77929688,3.77929688
0.81800000,3.77929688,3.77929688,3.77929688
0.81840000,3.77929688,3.77929688,3.77929688
0.81880000,3.77929688,3.77929688,3.77929688
0.81920000,3.77929688,3.77929688,3.77929688
0.81960000,3.77929688,3.77929688,3.77929688
0.82000000,3.77929688,3.77929688,3.77929688
0.82040000,3.77929688,3.77929688,3.77929688
0.82080000,3.77929688,3.77929688,3.77929688
0.82120000,3.77929688,3.77929688,3.77929688
0.82160000,3.77929688,3.77929688,3.77929688
0.82200000,3.77929688,3.77929688,3.77929688
0.82240000,3.77929688,3.77929688,3.77929688
0.82280000,3.77929688,3.77929688,3.77929688
0.82320000,3.77929688,3.77929688,3.77929688
0.82360000,3.77929688,3.77929688,3.77929688
0.82400000,3.77929688,3.77929688,3.77929688
0.82440000,3.77929688,3.77929688,3.77929688
0.82480000,3.77929688,3.77929688,3.77929688
0.82520000,3.77929688,3.77929688,3.77929688
0.82560000,3.77929688,3.77929688,3.77929688
0.82600000,3.77929688,3.77929688,3.77929688
0.82640000,3.77929688,3.77929688,3.77929688
0.82680000,3.77929688,3.77929688,3.77929688
0.82720000,3.77929688,3.77929688,3.77929688
0.82760000,3.77929688,3.77929688,3.77929688
0.82800000,3.77929688,3.77929688,3.77929688
0.82840000,3.77929688,3.77929688,3.77929688
0.82880000,3.77929688,3.77929688,3.77929688
0.82920000,3.77929688,3.77929688,3.77929688
0.82960000,3.77929688,3.77929688,3.77929688
0.83000000,3.77929688,3.77929688,3.77929688
0.83040000,3.77929688,3.77929688,3.77929688
0.83080000,3.77929688,3.77929688,3.77929688
0.83120000,3.77929688,3.77929688,3.77929688
0.83160000,3.77929688,3.77929688,3.77929688
0.83200000,3.77929688,3.77929688,3.77929688
0.83240000,3.77929688,3.77929688,3.77929688
0.83280000,3.77929688,3.77929688,3.77929688
0.83320000,3.77929688,3.77929688,3.77929688
0.83360000,3.77929688,3.77929688,3.77929688
0.83400000,3.77929688,3.77929688,3.77929688
0.83440000,3.77929688,3.77929688,3.77929688
0.83480000,3.77929688,3.77929688,3.77929688
0.83520000,3.77929688,3.77929688,3.77929688
0.83560000,3.77929688,3.77929688,3.77929688
0.83600000,3.77929688,3.77929688,3.77929688
0.83640000,3.77929688,3.77929688,3.77929688
0.83680000,3.77929688,3.77929688,3.77929688
0.83720000,3.77929688,3.77929688,3.77929688
0.83760000,3.77929688,3.77929688,3.77929688
0.83800000,3.77929688,3.77929688,3.77929688
0.83840000,3.77929688,3.77929688,3.77929688
0.83880000,3.77929688,3.77929688,3.77929688
0.83920000,3.77929688,3.77929688,3.77929688
0.83960000,3.77929688,3.77929688,3.77929688
0.84000000,3.77929688,3.77929688,3.77929688
0.84040000,3.77929688,3.77929688,3.77929688
0.84080000,3.77929688,3.77929688,3.77929688
0.84120000,3.77929688,3.77929688,3.77929688
0.84160000,3.77929688,3.77929688,3.77929688
0.84200000,3.77929688,3.77929688,3.77929688
0.84240000,3.77929688,3.77929688,3.77929688
0.84280000,3.77929688,3.77929688,3.77929688
0.84320000,3.77929688,3.77929688,3.77929688
0.84360000,3.77929688,3.77929688,3.77929688
0.84400000,3.77929688,3.77929688,3.77929688
0.84440000,3.77929688,3.77929688,3.77929688
0.84480000,3.77929688,3.77929688,3.77929688
0.84520000,3.77929688,3.77929688,3.77929688
0.84560000,3.77929688,3.77929688,3.77929688
0.84600000,3.77929688,3.77929688,3.77929688
0.84640000,3.75976562,3.77743896,3.75977733
0.84680000,3.75000000,3.77481417,3.75000586
0.84720000,3.74023438,3.77141830,3.74024023
0.84760000,3.72070312,3.76621679,3.72071483
0.84800000,3.71093750,3.76015369,3.71094336
0.84840000,3.70117188,3.75266706,3.70117773
0.84880000,3.68164062,3.71129185,3.68165233
0.84920000,3.67187500,3.67680987,3.67188086
0.84960000,3.66210938,3.66332496,3.66211523
0.85000000,3.64257812,3.64413731,3.64258983
0.85040000,3.63281250,3.63359723,3.63281836
0.85080000,3.62304688,3.62364633,3.62305273
0.85120000,3.60351562,3.60455298,3.60352733
0.85160000,3.59375000,3.59421208,3.59375586
0.85200000,3.58398438,3.58420021,3.58399023
0.85240000,3.56445312,3.56513822,3.56446483
0.85280000,3.55468750,3.55536628,3.55469336
0.85320000,3.54492188,3.54612772,3.54492773
0.85360000,3.52539062,3.52933662,3.52540233
0.85400000,3.51562500,3.51953979,3.51563086
0.85440000,3.50585938,3.51117953,3.50586523
0.85480000,3.48632812,3.49846822,3.48633983
0.85520000,3.47656250,3.48917296,3.47656836
0.85560000,3.46679688,3.48124222,3.46680273
0.85600000,3.44726562,3.47110636,3.44727733
0.85640000,3.43750000,3.46250966,3.43750586
0.85680000,3.42773438,3.45187469,3.42774023
0.85720000,3.40820312,3.43791801,3.40821483
0.85760000,3.39843750,3.41813945,3.39844336
0.85800000,3.38867188,3.39158715,3.38867773
0.85840000,3.36914062,3.37124004,3.36915233
0.85880000,3.35937500,3.36043433,3.35938086
0.85920000,3.34960938,3.35035788,3.34961523
0.85960000,3.33007812,3.33146966,3.33008983
0.86000000,3.32031250,3.32105353,3.32031836
0.86040000,3.31054688,3.31103380,3.31055273
0.86080000,3.29101562,3.29204923,3.29102733
0.86120000,3.28125000,3.28225282,3.28125586
0.86160000,3.27148438,3.27318545,3.27149023
0.86200000,3.25195312,3.25718116,3.25196483
0.86240000,3.24218750,3.24741005,3.24219336
0.86280000,3.23242188,3.23916991,3.23242773
0.86320000,3.21289062,3.22715642,3.21290233
0.86360000,3.20312500,3.21804056,3.20313086
0.86400000,3.19335938,3.21014918,3.19336523
0.86440000,3.17382812,3.20025798,3.17383983
0.86480000,3.16406250,3.19164563,3.16406836
0.86520000,3.15429688,3.17480417,3.15430273
0.86560000,3.13476562,3.15462785,3.13477733
0.86600000,3.12500000,3.13404810,3.12500586
0.86640000,3.11523438,3.11690051,3.11524023
0.86680000,3.09570312,3.09755373,3.09571483
0.86720000,3.08593750,3.08693090,3.08594336
0.86760000,3.07617188,3.07688139,3.07617773
0.86800000,3.05664062,3.05792311,3.05665233
0.86840000,3.04687500,3.04751621,3.04688086
0.86880000,3.03710938,3.03766308,3.03711523
0.86920000,3.01757812,3.01948548,3.01758983
0.86960000,3.00781250,3.00969304,3.00781836
0.87000000,2.99804688,3.00095733,2.99805273
0.87040000,2.97851562,2.98642051,2.97852733
0.87080000,2.96875000,2.97678277,2.96875586
0.87120000,2.95898438,2.96869625,2.95899023
0.87160000,2.93945312,2.95766439,2.93946483
0.87200000,2.92968750,2.94883366,2.92969336
0.87240000,2.91503906,2.93955876,2.91504785
0.87280000,2.90039062,2.93004358,2.90039941
0.87320000,2.88574219,2.91950598,2.88575097
0.87360000,2.87597656,2.88386986,2.87598242
0.87400000,2.86132812,2.86478575,2.86133691
0.87440000,2.84667969,2.84897809,2.84668847
0.87480000,2.83691406,2.83783643,2.83691992
0.87520000,2.82226562,2.82346171,2.82227441
0.87560000,2.80761719,2.80872360,2.80762597
0.87600000,2.79785156,2.79849374,2.79785742
0.87640000,2.78320312,2.78383536,2.78321191
0.87680000,2.76855469,2.76916525,2.76856347
0.87720000,2.75878906,2.75955716,2.75879492
0.87760000,2.74414062,2.74614021,2.74414941
0.87800000,2.72949219,2.73298237,2.72950097
0.87840000,2.71972656,2.72380683,2.71973242
0.87880000,2.70507812,2.71278549,2.70508691
0.87920000,2.69042969,2.70180702,2.69043847
0.87960000,2.68066406,2.69318855,2.68066992
0.88000000,2.66601562,2.68394807,2.66602441
0.88040000,2.65136719,2.67459735,2.65137597
0.88080000,2.64160156,2.66635182,2.64160742
0.88120000,2.62695312,2.65653868,2.62696191
0.88160000,2.61230469,2.64320185,2.61231347
0.88200000,2.60253906,2.61214270,2.60254492
0.88240000,2.58789062,2.59036930,2.58789941
0.88280000,2.57324219,2.57487409,2.57325097
0.88320000,2.56347656,2.56436710,2.56348242
0.88360000,2.54882812,2.54992454,2.54883691
0.88400000,2.53417969,2.53528415,2.53418847
0.88440000,2.52441406,2.52504961,2.52441992
0.88480000,2.50976562,2.51039527,2.50977441
0.88520000,2.49511719,2.49585130,2.49512597
0.88560000,2.48535156,2.48627284,2.48535742
0.88600000,2.47070312,2.47304665,2.47071191
0.88640000,2.45605469,2.46007857,2.45606347
0.88680000,2.44628906,2.45095017,2.44629492
0.88720000,2.43164062,2.44015390,2.43164941
0.88760000,2.41699219,2.42937930,2.41700097
0.88800000,2.40722656,2.42082173,2.40723242
0.88840000,2.39257812,2.41168992,2.39258691
0.88880000,2.37792969,2.40242741,2.37793847
0.88920000,2.36816406,2.39412383,2.36816992
0.88960000,2.35351562,2.38306217,2.35352441
0.89000000,2.33886719,2.36630096,2.33887597
0.89040000,2.32910156,2.33584953,2.32910742
0.89080000,2.31445312,2.31646240,2.31446191
0.89120000,2.29980469,2.30130314,2.29981347
0.89160000,2.29003906,2.29089844,2.29004492
0.89200000,2.27539062,2.27646306,2.27539941
0.89240000,2.26074219,2.26181195,2.26075097
0.89280000,2.25097656,2.25157027,2.25098242
0.89320000,2.23632812,2.23692873,2.23633691
0.89360000,2.22167969,2.22259369,2.22168847
0.89400000,2.21679688,2.21741925,2.21679981
0.89440000,2.21679688,2.21690824,2.21679688
0.89480000,2.22167969,2.22038176,2.22167676
0.89520000,2.23632812,2.23034239,2.23631934
0.89560000,2.23632812,2.23348032,2.23632812
0.89600000,2.23632812,2.23471890,2.23632812
0.89640000,2.23632812,2.23530318,2.23632812
0.89680000,2.23632812,2.23561945,2.23632812
0.89720000,2.25097656,2.23968082,2.25096778
0.89760000,2.25585938,2.24346028,2.25585644
0.89800000,2.25585938,2.24614641,2.25585937
0.89840000,2.25585938,2.24820279,2.25585937
0.89880000,2.25585938,2.24976453,2.25585937
0.89920000,2.26074219,2.25191239,2.26073926
0.89960000,2.27539062,2.25664131,2.27538184
0.90000000,2.27539062,2.26070858,2.27539062
0.90040000,2.27539062,2.26388133,2.27539062
0.90080000,2.27539062,2.26629766,2.27539062
0.90120000,2.27539062,2.26827599,2.27539062
0.90160000,2.29003906,2.27348209,2.29003028
0.90200000,2.29492188,2.27913117,2.29491894
0.90240000,2.29492188,2.28329210,2.29492187
0.90280000,2.29492188,2.28615238,2.29492187
0.90320000,2.29492188,2.28813541,2.29492187
0.90360000,2.29980469,2.29067325,2.29980176
0.90400000,2.31445312,2.29615315,2.31444434
0.90440000,2.31445312,2.30062317,2.31445312
0.90480000,2.31445312,2.30385280,2.31445312
0.90520000,2.31445312,2.30615197,2.31445312
0.90560000,2.31445312,2.30786731,2.31445312
0.90600000,2.32910156,2.31260669,2.32909278
0.90640000,2.33398438,2.31791491,2.33398144
0.90680000,2.33398438,2.32193135,2.33398437
0.90720000,2.33398438,2.32476799,2.33398437
0.90760000,2.33398438,2.32678346,2.33398437
0.90800000,2.34375000,2.33046578,2.34374415
0.90840000,2.35351562,2.33588737,2.35350977
0.90880000,2.35351562,2.34031961,2.35351562
0.90920000,2.35351562,2.34348585,2.35351562
0.90960000,2.35351562,2.34571341,2.35351562
0.91000000,2.35351562,2.34735159,2.35351562
0.91040000,2.37304688,2.35307994,2.37303517
0.91080000,2.37304688,2.35793463,2.37304687
0.91120000,2.37304688,2.36149405,2.37304687
0.91160000,2.37304688,2.36403821,2.37304687
0.91200000,2.37304688,2.36590114,2.37304688
0.91240000,2.38281250,2.36951944,2.38280665
0.91280000,2.39257812,2.37500043,2.39257227
0.91320000,2.39257812,2.37945825,2.39257812
0.91360000,2.39257812,2.38267775,2.39257812
0.91400000,2.39257812,2.38493273,2.39257812
0.91440000,2.39257812,2.38658959,2.39257812
0.91480000,2.41210938,2.39247127,2.41209767
0.91520000,2.41210938,2.39736195,2.41210937
0.91560000,2.41210938,2.40089897,2.41210937
0.91600000,2.41210938,2.40340182,2.41210937
0.91640000,2.41210938,2.40522137,2.41210938
0.91680000,2.42187500,2.40881763,2.42186915
0.91720000,2.43164062,2.41428897,2.43163477
0.91760000,2.43164062,2.41871754,2.43164062
0.91800000,2.43164062,2.42189656,2.43164062
0.91840000,2.43164062,2.42411901,2.43164062
0.91880000,2.43164062,2.42576018,2.43164062
0.91920000,2.45117188,2.43169731,2.45116017
0.91960000,2.45117188,2.43661848,2.45117187
0.92000000,2.45117188,2.44015725,2.45117187
0.92040000,2.45117188,2.44264352,2.45117187
0.92080000,2.45117188,2.44444333,2.45117188
0.92120000,2.46093750,2.44804718,2.46093165
0.92160000,2.47070312,2.45353615,2.47069727
0.92200000,2.47070312,2.45794977,2.47070312
0.92240000,2.47070312,2.46109988,2.47070312
0.92280000,2.47070312,2.46329641,2.47070312
0.92320000,2.47070312,2.46492210,2.47070312
0.92360000,2.49023438,2.47088823,2.49022267
0.92400000,2.49023438,2.47581854,2.49023437
0.92440000,2.49023438,2.47935146,2.49023437
0.92480000,2.49023438,2.48182320,2.49023437
0.92520000,2.49023438,2.48360889,2.49023438
0.92560000,2.50000000,2.48722034,2.49999415
0.92600000,2.50976562,2.49272678,2.50975977
0.92640000,2.50976562,2.49713322,2.50976562
0.92680000,2.50976562,2.50026415,2.50976562
0.92720000,2.50976562,2.50244280,2.50976562
0.92760000,2.50976562,2.50405740,2.50976562
0.92800000,2.52929688,2.51004267,2.52928517
0.92840000,2.52929688,2.51497666,2.52929687
0.92880000,2.52929688,2.51850383,2.52929687
0.92920000,2.52929688,2.52096486,2.52929687
0.92960000,2.52929688,2.52274067,2.52929688
0.93000000,2.53906250,2.52635741,2.53905665
0.93040000,2.54882812,2.53187593,2.54882227
0.93080000,2.54882812,2.53627747,2.54882812
0.93120000,2.54882812,2.53939539,2.54882812
0.93160000,2.54882812,2.54156199,2.54882812
0.93200000,2.55371094,2.54424917,2.55370801
0.93240000,2.56835938,2.54995554,2.56835059
0.93280000,2.56835938,2.55464633,2.56835937
0.93320000,2.56835938,2.55800609,2.56835937
0.93360000,2.56835938,2.56035593,2.56835937
0.93400000,2.56835938,2.56205587,2.56835938
0.93440000,2.58300781,2.56669672,2.58299903
0.93480000,2.58789062,2.57185236,2.58788769
0.93520000,2.58789062,2.57576124,2.58789062
0.93560000,2.58789062,2.57855312,2.58789062
0.93600000,2.58789062,2.58055722,2.58789062
0.93640000,2.59277344,2.58318494,2.59277051
0.93680000,2.60742188,2.58891303,2.60741309
0.93720000,2.60742188,2.59362286,2.60742187
0.93760000,2.60742188,2.59697338,2.60742187
0.93800000,2.60742188,2.59931761,2.60742187
0.93840000,2.60742188,2.60103294,2.60742188
0.93880000,2.62207031,2.60573479,2.62206153
0.93920000,2.62695312,2.61093795,2.62695019
0.93960000,2.62695312,2.61486244,2.62695312
0.94000000,2.62695312,2.61765817,2.62695312
0.94040000,2.62695312,2.61965959,2.62695312
0.94080000,2.63183594,2.62227853,2.63183301
0.94120000,2.64648438,2.62798531,2.64647559
0.94160000,2.64648438,2.63267584,2.64648437
0.94200000,2.64648438,2.63601745,2.64648437
0.94240000,2.64648438,2.63835904,2.64648437
0.94280000,2.64648438,2.64007530,2.64648438
0.94320000,2.64648438,2.64150742,2.64648438
0.94360000,2.64648438,2.64274913,2.64648438
0.94400000,2.64648438,2.64370215,2.64648438
0.94440000,2.62695312,2.63960842,2.62696483
0.94480000,2.62695312,2.63634804,2.62695313
0.94520000,2.62695312,2.63346297,2.62695313
0.94560000,2.62695312,2.63138740,2.62695313
0.94600000,2.62695312,2.63003300,2.62695312
0.94640000,2.62695312,2.62918511,2.62695312
0.94680000,2.62695312,2.62864325,2.62695312
0.94720000,2.62695312,2.62828244,2.62695312
0.94760000,2.62695312,2.62802730,2.62695312
0.94800000,2.62695312,2.62783987,2.62695312
0.94840000,2.62207031,2.62691961,2.62207324
0.94880000,2.60742188,2.62405612,2.60743066
0.94920000,2.60742188,2.62178424,2.60742188
0.94960000,2.60742188,2.61993688,2.60742188
0.95000000,2.60742188,2.61839792,2.60742188
0.95040000,2.60742188,2.61709168,2.60742188
0.95080000,2.60742188,2.61596752,2.60742188
0.95120000,2.60742188,2.61498749,2.60742188
0.95160000,2.60742188,2.61412855,2.60742188
0.95200000,2.60742188,2.61334184,2.60742188
0.95240000,2.60742188,2.61263406,2.60742188
0.95280000,2.59765625,2.61083101,2.59766210
0.95320000,2.58789062,2.60807770,2.58789648
0.95360000,2.58789062,2.60567511,2.58789063
0.95400000,2.58789062,2.60357978,2.58789063
0.95440000,2.58789062,2.60174948,2.58789063
0.95480000,2.58789062,2.60014643,2.58789062
0.95520000,2.58789062,2.59873319,2.58789062
0.95560000,2.58789062,2.59748067,2.58789062
0.95600000,2.58789062,2.59634794,2.58789062
0.95640000,2.58789062,2.59524169,2.58789062
0.95680000,2.58789062,2.59424066,2.58789062
0.95720000,2.57324219,2.59136347,2.57325097
0.95760000,2.56835938,2.58824630,2.56836231
0.95800000,2.56835938,2.58560102,2.56835938
0.95840000,2.56835938,2.58335506,2.56835938
0.95880000,2.56835938,2.58144110,2.56835938
0.95920000,2.56835938,2.57980265,2.56835938
0.95960000,2.56835938,2.57838906,2.56835938
0.96000000,2.56835938,2.57716188,2.56835938
0.96040000,2.56835938,2.57599421,2.56835938
0.96080000,2.56835938,2.57491913,2.56835938
0.96120000,2.56835938,2.57398180,2.56835938
0.96160000,2.55371094,2.57111300,2.55371972
0.96200000,2.54882812,2.56802746,2.54883106
0.96240000,2.54882812,2.56543852,2.54882813
0.96280000,2.54882812,2.56325835,2.54882813
0.96320000,2.54882812,2.56141149,2.54882813
0.96360000,2.54882812,2.55983699,2.54882812
0.96400000,2.54882812,2.55848288,2.54882812
0.96440000,2.54882812,2.55730989,2.54882812
0.96480000,2.54882812,2.55622427,2.54882812
0.96520000,2.54882812,2.55523352,2.54882812
0.96560000,2.54882812,2.55436368,2.54882812
0.96600000,2.52929688,2.55097734,2.52930858
0.96640000,2.52929688,2.54809492,2.52929688
0.96680000,2.52929688,2.54564546,2.52929688
0.96720000,2.52929688,2.54355981,2.52929688
0.96760000,2.52929688,2.54177596,2.52929688
0.96800000,2.52929688,2.54024229,2.52929688
0.96840000,2.52929688,2.53891142,2.52929688
0.96880000,2.52929688,2.53775217,2.52929688
0.96920000,2.52929688,2.53645865,2.52929688
0.96960000,2.52929688,2.53528812,2.52929688
0.97000000,2.52441406,2.53351925,2.52441699
0.97040000,2.50976562,2.52978132,2.50977441
0.97080000,2.50976562,2.52676506,2.50976563
0.97120000,2.50976562,2.52431421,2.50976563
0.97160000,2.50976562,2.52230188,2.50976563
0.97200000,2.50976562,2.52063107,2.50976562
0.97240000,2.50976562,2.51922771,2.50976562
0.97280000,2.50976562,2.51803531,2.50976562
0.97320000,2.50976562,2.51700882,2.50976562
0.97360000,2.50976562,2.51603069,2.50976562
0.97400000,2.50976562,2.51516019,2.50976562
0.97440000,2.50488281,2.51373443,2.50488574
0.97480000,2.49023438,2.51052998,2.49024316
0.97520000,2.49023438,2.50783031,2.49023438
0.97560000,2.49023438,2.50555103,2.49023438
0.97600000,2.49023438,2.50361700,2.49023438
0.97640000,2.49023438,2.50196550,2.49023438
0.97680000,2.49023438,2.50054424,2.49023438
0.97720000,2.49023438,2.49930888,2.49023438
0.97760000,2.49023438,2.49822552,2.49023438
0.97800000,2.49023438,2.49716464,2.49023438
0.97840000,2.49023438,2.49620759,2.49023438
0.97880000,2.48046875,2.49402547,2.48047460
0.97920000,2.47070312,2.49083655,2.47070898
0.97960000,2.47070312,2.48814314,2.47070313
0.98000000,2.47070312,2.48586551,2.47070313
0.98040000,2.47070312,2.48393111,2.47070313
0.98080000,2.47070312,2.48227932,2.47070312
0.98120000,2.47070312,2.48085824,2.47070312
0.98160000,2.47070312,2.47962530,2.47070312
0.98200000,2.47070312,2.47852799,2.47070312
0.98240000,2.47070312,2.47747640,2.47070312
0.98280000,2.47070312,2.47653713,2.47070312
0.98320000,2.45605469,2.47369591,2.45606347
0.98360000,2.45117188,2.47061991,2.45117481
0.98400000,2.45117188,2.46802239,2.45117188
0.98440000,2.45117188,2.46582524,2.45117188
0.98480000,2.45117188,2.46395804,2.45117188
0.98520000,2.45117188,2.46236246,2.45117188
0.98560000,2.45117188,2.46098753,2.45117188
0.98600000,2.45117188,2.45979468,2.45117188
0.98640000,2.45117188,2.45868127,2.45117188
0.98680000,2.45117188,2.45766136,2.45117188
0.98720000,2.45117188,2.45676710,2.45117188
0.98760000,2.43164062,2.45332595,2.43165233
0.98800000,2.43164062,2.45040752,2.43164063
0.98840000,2.43164062,2.44793596,2.43164063
0.98880000,2.43164062,2.44583791,2.43164063
0.98920000,2.43164062,2.44404823,2.43164062
0.98960000,2.43164062,2.44251316,2.43164062
0.99000000,2.43164062,2.44118407,2.43164062
0.99040000,2.43164062,2.44002848,2.43164062
0.99080000,2.43164062,2.43874090,2.43164062
0.99120000,2.43164062,2.43757748,2.43164062
0.99160000,2.43164062,2.43660994,2.43164062
0.99200000,2.43164062,2.43582671,2.43164062
0.99240000,2.43164062,2.43519517,2.43164062
0.99280000,2.43164062,2.43468350,2.43164062
0.99320000,2.43164062,2.43426586,2.43164062
0.99360000,2.43164062,2.43392219,2.43164062
0.99400000,2.43164062,2.43363702,2.43164062
0.99440000,2.43164062,2.43339809,2.43164062
0.99480000,2.43164062,2.43319568,2.43164062
0.99520000,2.43164062,2.43302239,2.43164062
0.99560000,2.43164062,2.43287263,2.43164062
0.99600000,2.43164062,2.43274216,2.43164062
0.99640000,2.43164062,2.43262772,2.43164062
0.99680000,2.43164062,2.43252679,2.43164062
0.99720000,2.43164062,2.43243735,2.43164062
0.99760000,2.43164062,2.43235779,2.43164062
0.99800000,2.43164062,2.43228680,2.43164062
0.99840000,2.43164062,2.43222330,2.43164062
0.99880000,2.43164062,2.43216637,2.43164062
0.99920000,2.43164062,2.43211525,2.43164062
0.99960000,2.43164062,2.43206929,2.43164062
1.00000000,2.43164062,2.43202791,2.43164062
1.00040000,2.43164062,2.43199063,2.43164062
1.00080000,2.43164062,2.43195700,2.43164062
1.00120000,2.43164062,2.43192666,2.43164062
1.00160000,2.43164062,2.43189928,2.43164062
1.00200000,2.43164062,2.43187454,2.43164062
1.00240000,2.43164062,2.43185219,2.43164062
1.00280000,2.43164062,2.43183199,2.43164062
1.00320000,2.43164062,2.43181373,2.43164062
1.00360000,2.43164062,2.43179723,2.43164062
1.00400000,2.43164062,2.43178230,2.43164062
1.00440000,2.43164062,2.43176880,2.43164062
1.00480000,2.43164062,2.43175659,2.43164062
1.00520000,2.43164062,2.43174555,2.43164062
1.00560000,2.43164062,2.43173556,2.43164062
1.00600000,2.43164062,2.43172652,2.43164062
1.00640000,2.43164062,2.43171835,2.43164062
1.00680000,2.43164062,2.43171095,2.43164062
1.00720000,2.43164062,2.43170426,2.43164062
1.00760000,2.43164062,2.43169820,2.43164062
1.00800000,2.43164062,2.43169272,2.43164062
1.00840000,2.43164062,2.43168777,2.43164062
1.00880000,2.43164062,2.43168328,2.43164062
1.00920000,2.43164062,2.43167922,2.43164062
1.00960000,2.43164062,2.43167555,2.43164062
1.01000000,2.43164062,2.43167223,2.43164062
1.01040000,2.43164062,2.43166922,2.43164062
1.01080000,2.43164062,2.43166650,2.43164062
1.01120000,2.43164062,2.43166404,2.43164062
1.01160000,2.43164062,2.43166181,2.43164062
1.01200000,2.43164062,2.43165980,2.43164062
1.01240000,2.43164062,2.43165797,2.43164062
1.01280000,2.43164062,2.43165632,2.43164062
1.01320000,2.43164062,2.43165483,2.43164062
1.01360000,2.43164062,2.43165348,2.43164062
1.01400000,2.43164062,2.43165226,2.43164062
1.01440000,2.43164062,2.43165115,2.43164062
1.01480000,2.43164062,2.43165015,2.43164062
1.01520000,2.43164062,2.43164924,2.43164062
1.01560000,2.43164062,2.43164842,2.43164062
1.01600000,2.43164062,2.43164768,2.43164062
1.01640000,2.43164062,2.43164701,2.43164062
1.01680000,2.43164062,2.43164640,2.43164062
1.01720000,2.43164062,2.43164585,2.43164062
1.01760000,2.43164062,2.43164536,2.43164062
1.01800000,2.43164062,2.43164491,2.43164062
1.01840000,2.43164062,2.43164450,2.43164062
1.01880000,2.43164062,2.43164413,2.43164062
1.01920000,2.43164062,2.43164380,2.43164062
1.01960000,2.43164062,2.43164349,2.43164062
1.02000000,2.43164062,2.43164322,2.43164062
1.02040000,2.43164062,2.43164297,2.43164062
1.02080000,2.43164062,2.43164275,2.43164062
1.02120000,2.43164062,2.43164255,2.43164062
1.02160000,2.43164062,2.43164237,2.43164062
1.02200000,2.43164062,2.43164220,2.43164062
1.02240000,2.43164062,2.43164205,2.43164062
1.02280000,2.43164062,2.43164191,2.43164062
1.02320000,2.43164062,2.43164179,2.43164062
1.02360000,2.43164062,2.43164168,2.43164062
1.02400000,2.43164062,2.43164158,2.43164062
1.02440000,2.43164062,2.43164149,2.43164062
1.02480000,2.43164062,2.43164141,2.43164062
1.02520000,2.43164062,2.43164133,2.43164062
1.02560000,2.43164062,2.43164127,2.43164062
1.02600000,2.43164062,2.43164120,2.43164062
1.02640000,2.43164062,2.43164115,2.43164062
1.02680000,2.43164062,2.43164110,2.43164062
1.02720000,2.43164062,2.43164105,2.43164062
1.02760000,2.43164062,2.43164101,2.43164062
1.02800000,2.43164062,2.43164098,2.43164062
1.02840000,2.43164062,2.43164094,2.43164062
1.02880000,2.43164062,2.43164091,2.43164062
1.02920000,2.43164062,2.43164089,2.43164062
1.02960000,2.43164062,2.43164086,2.43164062
1.03000000,2.43164062,2.43164084,2.43164062
1.03040000,2.43164062,2.43164082,2.43164062
1.03080000,2.43164062,2.43164080,2.43164062
1.03120000,2.43164062,2.43164078,2.43164062
1.03160000,2.43164062,2.43164077,2.43164062
1.03200000,2.43164062,2.43164075,2.43164062
1.03240000,2.43164062,2.43164074,2.43164062
1.03280000,2.43164062,2.43164073,2.43164062
1.03320000,2.43164062,2.43164072,2.43164062
1.03360000,2.43164062,2.43164071,2.43164062
1.03400000,2.43164062,2.43164070,2.43164062
1.03440000,2.43164062,2.43164070,2.43164062
1.03480000,2.43164062,2.43164069,2.43164062
1.03520000,2.43164062,2.43164068,2.43164062
1.03560000,2.43164062,2.43164068,2.43164062
1.03600000,2.43164062,2.43164067,2.43164062
1.03640000,2.43164062,2.43164067,2.43164062
1.03680000,2.43164062,2.43164066,2.43164062
1.03720000,2.43164062,2.43164066,2.43164062
1.03760000,2.43164062,2.43164066,2.43164062
1.03800000,2.43164062,2.43164065,2.43164062
1.03840000,2.43164062,2.43164065,2.43164062
1.03880000,2.43164062,2.43164065,2.43164062
1.03920000,2.43164062,2.43164065,2.43164062
1.03960000,2.43164062,2.43164064,2.43164062
1.04000000,2.43164062,2.43164064,2.43164062
1.04040000,2.44628906,2.43303407,2.44628028
1.04080000,2.45117188,2.43476309,2.45116894
1.04120000,2.45117188,2.43633263,2.45117187
1.04160000,2.45117188,2.43777680,2.45117187
1.04200000,2.45117188,2.43914082,2.45117187
1.04240000,2.45117188,2.44051893,2.45117188
1.04280000,2.45117188,2.44209640,2.45117188
1.04320000,2.45117188,2.44382558,2.45117188
1.04360000,2.45117188,2.44533427,2.45117188
1.04400000,2.45117188,2.44652639,2.45117188
1.04440000,2.45117188,2.44746448,2.45117188
1.04480000,2.45117188,2.44824083,2.45117188
1.04520000,2.46582031,2.45220796,2.46581153
1.04560000,2.47070312,2.45653059,2.47070019
1.04600000,2.47070312,2.45987001,2.47070312
1.04640000,2.47070312,2.46240528,2.47070312
1.04680000,2.47070312,2.46431263,2.47070312
1.04720000,2.47070312,2.46577436,2.47070312
1.04760000,2.47070312,2.46696979,2.47070312
1.04800000,2.47070312,2.46792615,2.47070312
1.04840000,2.47070312,2.46861475,2.47070312
1.04880000,2.47070312,2.46910839,2.47070312
1.04920000,2.47070312,2.46949942,2.47070312
1.04960000,2.47070312,2.46980386,2.47070312
1.05000000,2.49023438,2.47488623,2.49022267
1.05040000,2.49023438,2.47849952,2.49023437
1.05080000,2.49023438,2.48105806,2.49023437
1.05120000,2.49023438,2.48290441,2.49023437
1.05160000,2.49023438,2.48427610,2.49023438
1.05200000,2.49023438,2.48536801,2.49023438
1.05240000,2.49023438,2.48633506,2.49023438
1.05280000,2.49023438,2.48716350,2.49023438
1.05320000,2.49023438,2.48781119,2.49023438
1.05360000,2.49023438,2.48834621,2.49023438
1.05400000,2.49023438,2.48879829,2.49023438
1.05440000,2.49023438,2.48915026,2.49023438
1.05480000,2.50976562,2.49407590,2.50975392
1.05520000,2.50976562,2.49762466,2.50976562
1.05560000,2.50976562,2.50018325,2.50976562
1.05600000,2.50976562,2.50206386,2.50976562
1.05640000,2.50976562,2.50348437,2.50976562
1.05680000,2.50976562,2.50463657,2.50976562
1.05720000,2.50976562,2.50567024,2.50976562
1.05760000,2.50976562,2.50655914,2.50976562
1.05800000,2.50976562,2.50724799,2.50976562
1.05840000,2.50976562,2.50780369,2.50976562
1.05880000,2.50976562,2.50827310,2.50976562
1.05920000,2.50976562,2.50864093,2.50976562
1.05960000,2.52929688,2.51363682,2.52928517
1.06000000,2.52929688,2.51723714,2.52929687
1.06040000,2.52929688,2.51982514,2.52929687
1.06080000,2.52929688,2.52171843,2.52929687
1.06120000,2.52929688,2.52314050,2.52929688
1.06160000,2.52929688,2.52428550,2.52929688
1.06200000,2.52929688,2.52530493,2.52929688
1.06240000,2.52929688,2.52617610,2.52929688
1.06280000,2.52929688,2.52684912,2.52929688
1.06320000,2.52929688,2.52739199,2.52929688
1.06360000,2.52929688,2.52784928,2.52929688
1.06400000,2.52929688,2.52820622,2.52929688
1.06440000,2.54882812,2.53318145,2.54881642
1.06480000,2.54882812,2.53676183,2.54882812
1.06520000,2.54882812,2.53933550,2.54882812
1.06560000,2.54882812,2.54121993,2.54882812
1.06600000,2.54882812,2.54263737,2.54882812
1.06640000,2.54882812,2.54378104,2.54882812
1.06680000,2.54882812,2.54480201,2.54882812
1.06720000,2.54882812,2.54567689,2.54882812
1.06760000,2.54882812,2.54635424,2.54882812
1.06800000,2.54882812,2.54690166,2.54882812
1.06840000,2.54882812,2.54736346,2.54882812
1.06880000,2.54882812,2.54772439,2.54882812
1.06920000,2.56835938,2.55270438,2.56834767
1.06960000,2.56835938,2.55629038,2.56835937
1.07000000,2.56835938,2.55886862,2.56835937
1.07040000,2.56835938,2.56075626,2.56835937
1.07080000,2.56835938,2.56217576,2.56835938
1.07120000,2.56835938,2.56332058,2.56835938
1.07160000,2.56835938,2.56434186,2.56835938
1.07200000,2.56835938,2.56521628,2.56835938
1.07240000,2.56835938,2.56589274,2.56835938
1.07280000,2.56835938,2.56643895,2.56835938
1.07320000,2.56835938,2.56689950,2.56835938
1.07360000,2.57324219,2.56846291,2.57323926
1.07400000,2.58789062,2.57314624,2.58788184
1.07440000,2.58789062,2.57651421,2.58789062
1.07480000,2.58789062,2.57893950,2.58789062
1.07520000,2.58789062,2.58071967,2.58789062
1.07560000,2.58789062,2.58206681,2.58789062
1.07600000,2.58789062,2.58317457,2.58789062
1.07640000,2.58789062,2.58415156,2.58789062
1.07680000,2.58789062,2.58502881,2.58789062
1.07720000,2.58789062,2.58569794,2.58789062
1.07760000,2.58789062,2.58622128,2.58789062
1.07800000,2.58789062,2.58663834,2.58789062
1.07840000,2.59277344,2.58817424,2.59277051
1.07880000,2.60742188,2.59280976,2.60741309
1.07920000,2.60742188,2.59611220,2.60742187
1.07960000,2.60742188,2.59848414,2.60742187
1.08000000,2.60742188,2.60022684,2.60742187
1.08040000,2.60742188,2.60154905,2.60742188
1.08080000,2.60742188,2.60264023,2.60742188
1.08120000,2.60742188,2.60360873,2.60742188
1.08160000,2.60742188,2.60448843,2.60742188
1.08200000,2.60742188,2.60516619,2.60742188
1.08240000,2.60742188,2.60570161,2.60742188
1.08280000,2.60742188,2.60612977,2.60742188
1.08320000,2.61230469,2.60767173,2.61230176
1.08360000,2.62695312,2.61231006,2.62694434
1.08400000,2.62695312,2.61562024,2.62695312
1.08440000,2.62695312,2.61800054,2.62695312
1.08480000,2.62695312,2.61975061,2.62695312
1.08520000,2.62695312,2.62107880,2.62695312
1.08560000,2.62695312,2.62217489,2.62695312
1.08600000,2.62695312,2.62314691,2.62695312
1.08640000,2.62695312,2.62402795,2.62695312
1.08680000,2.62207031,2.62357458,2.62207324
1.08720000,2.60742188,2.61964062,2.60743066
1.08760000,2.60742188,2.61630167,2.60742188
1.08800000,2.60742188,2.61381266,2.60742188
1.08840000,2.60742188,2.61209084,2.60742188
1.08880000,2.60742188,2.61092762,2.60742188
1.08920000,2.59765625,2.60794866,2.59766210
1.08960000,2.58789062,2.60391326,2.58789648
1.09000000,2.58789062,2.60101477,2.58789063
1.09040000,2.58789062,2.59883058,2.58789063
1.09080000,2.58789062,2.59713436,2.58789063
1.09120000,2.58789062,2.59578936,2.58789062
1.09160000,2.57324219,2.59268371,2.57325097
1.09200000,2.56835938,2.58947490,2.56836231
1.09240000,2.56835938,2.58674468,2.56835938
1.09280000,2.56835938,2.58429882,2.56835938
1.09320000,2.56835938,2.58216415,2.56835938
1.09360000,2.56835938,2.58032869,2.56835938
1.09400000,2.54882812,2.57618229,2.54883983
1.09440000,2.54882812,2.57251674,2.54882813
1.09480000,2.54882812,2.56564250,2.54882813
1.09520000,2.54882812,2.55848860,2.54882813
1.09560000,2.54882812,2.55454517,2.54882812
1.09600000,2.54882812,2.55248706,2.54882812
1.09640000,2.52929688,2.54524107,2.52930858
1.09680000,2.52929688,2.54087578,2.52929688
1.09720000,2.52929688,2.53222807,2.52929688
1.09760000,2.52929688,2.53022968,2.52929688
1.09800000,2.52929688,2.52968633,2.52929688
1.09840000,2.52441406,2.52712068,2.52441699
1.09880000,2.50976562,2.52011956,2.50977441
1.09920000,2.50976562,2.51664747,2.50976563
1.09960000,2.50976562,2.51468047,2.50976563
1.10000000,2.50976562,2.51346633,2.50976563
1.10040000,2.50976562,2.51266744,2.50976562
1.10080000,2.50000000,2.51025695,2.50000585
1.10120000,2.49023438,2.50684513,2.49024023
1.10160000,2.49023438,2.50426570,2.49023438
1.10200000,2.49023438,2.50218496,2.49023438
1.10240000,2.49023438,2.50049415,2.49023438
1.10280000,2.49023438,2.49910920,2.49023438
1.10320000,2.47558594,2.49606187,2.47559472
1.10360000,2.47070312,2.49287157,2.47070606
1.10400000,2.47070312,2.49010520,2.47070313
1.10440000,2.47070312,2.48755356,2.47070313
1.10480000,2.47070312,2.48529037,2.47070313
1.10520000,2.47070312,2.48332614,2.47070312
1.10560000,2.45117188,2.47900014,2.45118358
1.10600000,2.45117188,2.47508277,2.45117188
1.10640000,2.45117188,2.46424772,2.45117188
1.10680000,2.45117188,2.45630058,2.45117188
1.10720000,2.45117188,2.45348516,2.45117188
1.10760000,2.45117188,2.45240318,2.45117188
1.10800000,2.43164062,2.44422850,2.43165233
1.10840000,2.43164062,2.44003579,2.43164063
1.10880000,2.43164062,2.43466320,2.43164063
1.10920000,2.43164062,2.43290339,2.43164063
1.10960000,2.43164062,2.43227937,2.43164062
1.11000000,2.42675781,2.43000787,2.42676074
1.11040000,2.41210938,2.42389003,2.41211816
1.11080000,2.41210938,2.42051609,2.41210938
1.11120000,2.41210938,2.41843711,2.41210938
1.11160000,2.41210938,2.41706774,2.41210938
1.11200000,2.41210938,2.41611863,2.41210938
1.11240000,2.40234375,2.41375853,2.40234960
1.11280000,2.39257812,2.41045419,2.39258398
1.11320000,2.39257812,2.40786995,2.39257813
1.11360000,2.39257812,2.40572278,2.39257813
1.11400000,2.39257812,2.40393475,2.39257813
1.11440000,2.39257812,2.40244175,2.39257812
1.11480000,2.37792969,2.39931810,2.37793847
1.11520000,2.37304688,2.39604110,2.37304981
1.11560000,2.37304688,2.39315585,2.37304688
1.11600000,2.37304688,2.39030950,2.37304688
1.11640000,2.37304688,2.38775385,2.37304688
1.11680000,2.37304688,2.38555988,2.37304688
1.11720000,2.35839844,2.38151425,2.35840722
1.11760000,2.35351562,2.37721228,2.35351856
1.11800000,2.35351562,2.36405977,2.35351563
1.11840000,2.35351562,2.35702674,2.35351563
1.11880000,2.35351562,2.35494739,2.35351563
1.11920000,2.35351562,2.35422983,2.35351562
1.11960000,2.33398438,2.34575274,2.33399608
1.12000000,2.33398438,2.34162496,2.33398438
1.12040000,2.33398438,2.33916321,2.33398438
1.12080000,2.33398438,2.33764848,2.33398438
1.12120000,2.33398438,2.33668510,2.33398438
1.12160000,2.32910156,2.33492852,2.32910449
1.12200000,2.31445312,2.33075023,2.31446191
1.12240000,2.31445312,2.32778749,2.31445313
1.12280000,2.31445312,2.32552657,2.31445313
1.12320000,2.31445312,2.32377252,2.31445313
1.12360000,2.31445312,2.32239120,2.31445312
1.12400000,2.30468750,2.31991957,2.30469335
1.12440000,2.29492188,2.31659381,2.29492773
1.12480000,2.29492188,2.31380513,2.29492188
1.12520000,2.29492188,2.31130119,2.29492188
1.12560000,2.29492188,2.30911313,2.29492188
1.12600000,2.29492188,2.30723106,2.29492188
1.12640000,2.28515625,2.30433808,2.28516210
1.12680000,2.27539062,2.30055365,2.27539648
1.12720000,2.27539062,2.29668241,2.27539063
1.12760000,2.27539062,2.28871724,2.27539063
1.12800000,2.27539062,2.28349783,2.27539063
1.12840000,2.27539062,2.28063084,2.27539062
1.12880000,2.26074219,2.27448188,2.26075097
1.12920000,2.25585938,2.26941219,2.25586231
1.12960000,2.25585938,2.26529320,2.25585938
1.13000000,2.25585938,2.26072515,2.25585938
1.13040000,2.25585938,2.25852445,2.25585938
1.13080000,2.25585938,2.25748999,2.25585938
1.13120000,2.23632812,2.25056001,2.23633983
1.13160000,2.23632812,2.24661219,2.23632813
1.13200000,2.23632812,2.24414276,2.23632813
1.13240000,2.23632812,2.24248367,2.23632813
1.13280000,2.23632812,2.24131086,2.23632812
1.13320000,2.23144531,2.23960884,2.23144824
1.13360000,2.21679688,2.23600440,2.21680566
1.13400000,2.21679688,2.23318594,2.21679688
1.13440000,2.21679688,2.23081599,2.21679688
1.13480000,2.21679688,2.22883949,2.21679688
1.13520000,2.21679688,2.22719576,2.21679688
1.13560000,2.22167969,2.22646749,2.22167676
1.13600000,2.23632812,2.22773089,2.23631934
1.13640000,2.23632812,2.22880533,2.23632812
1.13680000,2.23632812,2.22979450,2.23632812
1.13720000,2.23632812,2.23068057,2.23632812
1.13760000,2.23632812,2.23146149,2.23632812
1.13800000,2.24609375,2.23353499,2.24608790
1.13840000,2.25585938,2.23692698,2.25585352
1.13880000,2.25585938,2.23988065,2.25585937
1.13920000,2.25585938,2.24279977,2.25585937
1.13960000,2.25585938,2.24546699,2.25585937
1.14000000,2.25585938,2.24779437,2.25585938
1.14040000,2.26562500,2.25225581,2.26561915
1.14080000,2.27539062,2.25862264,2.27538477
1.14120000,2.27539062,2.26306427,2.27539062
1.14160000,2.27539062,2.26606791,2.27539062
1.14200000,2.27539062,2.26814643,2.27539062
1.14240000,2.27539062,2.26966570,2.27539062
1.14280000,2.29003906,2.27408498,2.29003028
1.14320000,2.29492188,2.27891173,2.29491894
1.14360000,2.29492188,2.28249581,2.29492187
1.14400000,2.29492188,2.28510825,2.29492187
1.14440000,2.29492188,2.28707287,2.29492187
1.14480000,2.29492188,2.28874556,2.29492188
1.14520000,2.31445312,2.29496026,2.31444142
1.14560000,2.31445312,2.30008157,2.31445312
1.14600000,2.31445312,2.30367720,2.31445312
1.14640000,2.31445312,2.30615824,2.31445312
1.14680000,2.31445312,2.30795103,2.31445312
1.14720000,2.31445312,2.30941152,2.31445312
1.14760000,2.33398438,2.31552820,2.33397267
1.14800000,2.33398438,2.32036343,2.33398437
1.14840000,2.33398438,2.32377874,2.33398437
1.14880000,2.33398438,2.32614153,2.33398437
1.14920000,2.33398438,2.32788116,2.33398438
1.14960000,2.33886719,2.33047841,2.33886426
1.15000000,2.35351562,2.33647801,2.35350684
1.15040000,2.35351562,2.34111051,2.35351562
1.15080000,2.35351562,2.34429086,2.35351562
1.15120000,2.35351562,2.34646426,2.35351562
1.15160000,2.35351562,2.34806967,2.35351562
1.15200000,2.35839844,2.35058648,2.35839551
1.15240000,2.37304688,2.35653562,2.37303809
1.15280000,2.37304688,2.36089771,2.37304687
1.15320000,2.37304688,2.36387933,2.37304687
1.15360000,2.37304688,2.36596401,2.37304687
1.15400000,2.37304688,2.36757563,2.37304688
1.15440000,2.38281250,2.37132025,2.38280665
1.15480000,2.39257812,2.37696670,2.39257227
1.15520000,2.39257812,2.38111491,2.39257812
1.15560000,2.39257812,2.38394172,2.39257812
1.15600000,2.39257812,2.38591919,2.39257812
1.15640000,2.39257812,2.38745569,2.39257812
1.15680000,2.40234375,2.39118752,2.40233790
1.15720000,2.41210938,2.39679564,2.41210352
1.15760000,2.41210938,2.40072752,2.41210937
1.15800000,2.41210938,2.40341194,2.41210937
1.15840000,2.41210938,2.40533634,2.41210937
1.15880000,2.41210938,2.40688322,2.41210938
1.15920000,2.42675781,2.41184968,2.42674903
1.15960000,2.43164062,2.41713957,2.43163769
1.16000000,2.43164062,2.42086184,2.43164062
1.16040000,2.43164062,2.42340594,2.43164062
1.16080000,2.43164062,2.42523444,2.43164062
1.16120000,2.43164062,2.42671681,2.43164062
1.16160000,2.44628906,2.43170672,2.44628028
1.16200000,2.45117188,2.43695473,2.45116894
1.16240000,2.45117188,2.44056320,2.45117187
1.16280000,2.45117188,2.44302982,2.45117187
1.16320000,2.45117188,2.44483365,2.45117187
1.16360000,2.45117188,2.44631129,2.45117188
1.16400000,2.47070312,2.45256721,2.47069142
1.16440000,2.47070312,2.45747448,2.47070312
1.16480000,2.47070312,2.46084238,2.47070312
1.16520000,2.47070312,2.46314323,2.47070312
1.16560000,2.47070312,2.46483277,2.47070312
1.16600000,2.47558594,2.46739292,2.47558301
1.16640000,2.49023438,2.47336924,2.49022559
1.16680000,2.49023438,2.47796556,2.49023437
1.16720000,2.49023438,2.48111177,2.49023437
1.16760000,2.49023438,2.48326319,2.49023437
1.16800000,2.49023438,2.48486331,2.49023438
1.16840000,2.49511719,2.48738394,2.49511426
1.16880000,2.50976562,2.49334721,2.50975684
1.16920000,2.50976562,2.49771274,2.50976562
1.16960000,2.50976562,2.50068672,2.50976562
1.17000000,2.50976562,2.50276261,2.50976562
1.17040000,2.50976562,2.50436496,2.50976562
1.17080000,2.51953125,2.50810490,2.51952540
1.17120000,2.52929688,2.51374200,2.52929102
1.17160000,2.52929688,2.51788094,2.52929687
1.17200000,2.52929688,2.52069914,2.52929687
1.17240000,2.52929688,2.52267079,2.52929687
1.17280000,2.52929688,2.52420369,2.52929688
1.17320000,2.53906250,2.52793560,2.53905665
1.17360000,2.54882812,2.53354218,2.54882227
1.17400000,2.54882812,2.53747163,2.54882812
1.17440000,2.54882812,2.54015300,2.54882812
1.17480000,2.54882812,2.54207520,2.54882812
1.17520000,2.54882812,2.54361979,2.54882812
1.17560000,2.56347656,2.54858600,2.56346778
1.17600000,2.56835938,2.55387311,2.56835644
1.17640000,2.56835938,2.55759303,2.56835937
1.17680000,2.56835938,2.56013513,2.56835937
1.17720000,2.56835938,2.56196237,2.56835937
1.17760000,2.56835938,2.56344374,2.56835938
1.17800000,2.58300781,2.56843427,2.58299903
1.17840000,2.58789062,2.57368166,2.58788769
1.17880000,2.58789062,2.57728893,2.58789062
1.17920000,2.58789062,2.57975448,2.58789062
1.17960000,2.58789062,2.58155777,2.58789062
1.18000000,2.58789062,2.58303474,2.58789062
1.18040000,2.60742188,2.58929083,2.60741017
1.18080000,2.60742188,2.59419728,2.60742187
1.18120000,2.60742188,2.59756438,2.60742187
1.18160000,2.60742188,2.59986463,2.60742187
1.18200000,2.60742188,2.60155392,2.60742188
1.18240000,2.61230469,2.60411403,2.61230176
1.18280000,2.62695312,2.61009062,2.62694434
1.18320000,2.62695312,2.61468667,2.62695312
1.18360000,2.62695312,2.61783243,2.62695312
1.18400000,2.62695312,2.61998351,2.62695312
1.18440000,2.62695312,2.62158344,2.62695312
1.18480000,2.63183594,2.62410397,2.63183301
1.18520000,2.64648438,2.63006722,2.64647559
1.18560000,2.64648438,2.63443267,2.64648437
1.18600000,2.64648438,2.63740650,2.64648437
1.18640000,2.64648438,2.63948227,2.64648437
1.18680000,2.64648438,2.64108453,2.64648438
1.18720000,2.65625000,2.64482443,2.65624415
1.18760000,2.66601562,2.65046143,2.66600977
1.18800000,2.66601562,2.65460027,2.66601562
1.18840000,2.66601562,2.65741838,2.66601562
1.18880000,2.66601562,2.65938997,2.66601562
1.18920000,2.66601562,2.66092282,2.66601562
1.18960000,2.67578125,2.66465473,2.67577540
1.19000000,2.68554688,2.67026129,2.68554102
1.19040000,2.68554688,2.67419070,2.68554687
1.19080000,2.68554688,2.67687203,2.68554687
1.19120000,2.68554688,2.67879420,2.68554687
1.19160000,2.68554688,2.68033876,2.68554688
1.19200000,2.70019531,2.68530496,2.70018653
1.19240000,2.70507812,2.69059204,2.70507519
1.19280000,2.70507812,2.69431193,2.70507812
1.19320000,2.70507812,2.69685401,2.70507812
1.19360000,2.70507812,2.69868123,2.70507812
1.19400000,2.70507812,2.70016258,2.70507812
1.19440000,2.71972656,2.70515313,2.71971778
1.19480000,2.72460938,2.71040051,2.72460644
1.19520000,2.72460938,2.71400777,2.72460937
1.19560000,2.72460938,2.71647330,2.72460937
1.19600000,2.72460938,2.71827658,2.72460937
1.19640000,2.72460938,2.71975355,2.72460938
1.19680000,2.74414062,2.72600964,2.74412892
1.19720000,2.74414062,2.73091608,2.74414062
1.19760000,2.74414062,2.73428317,2.74414062
1.19800000,2.74414062,2.73658341,2.74414062
1.19840000,2.74414062,2.73827270,2.74414062
1.19880000,2.74414062,2.73967005,2.74414062
1.19920000,2.72460938,2.73570713,2.72462108
1.19960000,2.72460938,2.73248740,2.72460938
1.20000000,2.72460938,2.73008940,2.72460938
1.20040000,2.72460938,2.72823901,2.72460938
1.20080000,2.72460938,2.72692445,2.72460938
1.20120000,2.72460938,2.72613915,2.72460938
1.20160000,2.70507812,2.71983152,2.70508983
1.20200000,2.70507812,2.71599303,2.70507813
1.20240000,2.70507812,2.71350710,2.70507813
1.20280000,2.70507812,2.71180952,2.70507813
1.20320000,2.70507812,2.71059688,2.70507812
1.20360000,2.70507812,2.70969625,2.70507812
1.20400000,2.68554688,2.70607082,2.68555858
1.20440000,2.68554688,2.70319010,2.68554688
1.20480000,2.68554688,2.70072543,2.68554688
1.20520000,2.68554688,2.69864109,2.68554688
1.20560000,2.68554688,2.69688704,2.68554688
1.20600000,2.68554688,2.69540967,2.68554688
1.20640000,2.66601562,2.69167342,2.66602733
1.20680000,2.66601562,2.68845266,2.66601563
1.20720000,2.66601562,2.68416293,2.66601563
1.20760000,2.66601562,2.68034095,2.66601563
1.20800000,2.66601562,2.67737638,2.66601562
1.20840000,2.66601562,2.67515089,2.66601562
1.20880000,2.64648438,2.66985846,2.64649608
1.20920000,2.64648438,2.66570385,2.64648438
1.20960000,2.64648438,2.65104117,2.64648438
1.21000000,2.64648438,2.64780404,2.64648438
1.21040000,2.64648438,2.64699693,2.64648438
1.21080000,2.64648438,2.64673390,2.64648438
1.21120000,2.62695312,2.63830205,2.62696483
1.21160000,2.62695312,2.63427864,2.62695313
1.21200000,2.62695312,2.63199283,2.62695313
1.21240000,2.62695312,2.63061177,2.62695313
1.21280000,2.62695312,2.62972332,2.62695312
1.21320000,2.62695312,2.62913237,2.62695312
1.21360000,2.61230469,2.62595557,2.61231347
1.21400000,2.60742188,2.62281676,2.60742481
1.21440000,2.60742188,2.62034740,2.60742188
1.21480000,2.60742188,2.61838963,2.60742188
1.21520000,2.60742188,2.61682195,2.60742188
1.21560000,2.60742188,2.61554889,2.60742188
1.21600000,2.59277344,2.61259890,2.59278222
1.21640000,2.58789062,2.60949665,2.58789356
1.21680000,2.58789062,2.60676992,2.58789063
1.21720000,2.58789062,2.60434005,2.58789063
1.21760000,2.58789062,2.60220968,2.58789063
1.21800000,2.58789062,2.60036106,2.58789062
1.21840000,2.57324219,2.59687203,2.57325097
1.21880000,2.56835938,2.59312587,2.56836231
1.21920000,2.56835938,2.58535664,2.56835938
1.21960000,2.56835938,2.57748001,2.56835938
1.22000000,2.56835938,2.57346868,2.56835938
1.22040000,2.56835938,2.57150983,2.56835938
1.22080000,2.55371094,2.56565422,2.55371972
1.22120000,2.54882812,2.56086836,2.54883106
1.22160000,2.54882812,2.55573773,2.54882813
1.22200000,2.54882812,2.55282209,2.54882813
1.22240000,2.54882812,2.55133771,2.54882813
1.22280000,2.54882812,2.55054069,2.54882812
1.22320000,2.53417969,2.54611292,2.53418847
1.22360000,2.52929688,2.54219669,2.52929981
1.22400000,2.52929688,2.53954475,2.52929688
1.22440000,2.52929688,2.53764193,2.52929688
1.22480000,2.52929688,2.53622471,2.52929688
1.22520000,2.52929688,2.53514217,2.52929688
1.22560000,2.51464844,2.53216420,2.51465722
1.22600000,2.50976562,2.52909596,2.50976856
1.22640000,2.50976562,2.52651282,2.50976563
1.22680000,2.50976562,2.52430466,2.50976563
1.22720000,2.50976562,2.52241784,2.50976563
1.22760000,2.50976562,2.52080640,2.50976562
1.22800000,2.49511719,2.51758974,2.49512597
1.22840000,2.49023438,2.51418339,2.49023731
1.22880000,2.49023438,2.51051254,2.49023438
1.22920000,2.49023438,2.50658530,2.49023438
1.22960000,2.49023438,2.50325505,2.49023438
1.23000000,2.49023438,2.50065435,2.49023438
1.23040000,2.47558594,2.49583264,2.47559472
1.23080000,2.47070312,2.49109714,2.47070606
1.23120000,2.47070312,2.47845307,2.47070313
1.23160000,2.47070312,2.47326501,2.47070313
1.23200000,2.47070312,2.47176466,2.47070313
1.23240000,2.47070312,2.47124160,2.47070312
1.23280000,2.45605469,2.46501375,2.45606347
1.23320000,2.45117188,2.46027958,2.45117481
1.23360000,2.45117188,2.45760028,2.45117188
1.23400000,2.45117188,2.45593549,2.45117188
1.23440000,2.45117188,2.45483402,2.45117188
1.23480000,2.45117188,2.45408379,2.45117188
1.23520000,2.43652344,2.45087836,2.43653222
1.23560000,2.43164062,2.44770649,2.43164356
1.23600000,2.43164062,2.44523653,2.43164063
1.23640000,2.43164062,2.44325780,2.43164063
1.23680000,2.43164062,2.44164991,2.43164063
1.23720000,2.43164062,2.44032677,2.43164062
1.23760000,2.42187500,2.43797790,2.42188085
1.23800000,2.41210938,2.43477322,2.41211523
1.23840000,2.41210938,2.43192266,2.41210938
1.23880000,2.41210938,2.42935640,2.41210938
1.23920000,2.41210938,2.42709819,2.41210938
1.23960000,2.41210938,2.42513879,2.41210938
1.24000000,2.40234375,2.42217141,2.40234960
1.24040000,2.39257812,2.41826320,2.39258398
1.24080000,2.39257812,2.41363827,2.39257813
1.24120000,2.39257812,2.40214947,2.39257813
1.24160000,2.39257812,2.39702794,2.39257813
1.24200000,2.39257812,2.39496543,2.39257812
1.24240000,2.38281250,2.39019903,2.38281835
1.24280000,2.37304688,2.38449736,2.37305273
1.24320000,2.37304688,2.38091915,2.37304688
1.24360000,2.37304688,2.37802490,2.37304688
1.24400000,2.37304688,2.37631772,2.37304688
1.24440000,2.37304688,2.37533097,2.37304688
1.24480000,2.36328125,2.37218932,2.36328710
1.24520000,2.35351562,2.36796796,2.35352148
1.24560000,2.35351562,2.36508534,2.35351563
1.24600000,2.35351562,2.36299476,2.35351563
1.24640000,2.35351562,2.36142414,2.35351563
1.24680000,2.35351562,2.36021299,2.35351562
1.24720000,2.35351562,2.35925519,2.35351562
1.24760000,2.35351562,2.35848005,2.35351562
1.24800000,2.35351562,2.35783355,2.35351562
1.24840000,2.35351562,2.35727160,2.35351562
1.24880000,2.35351562,2.35678732,2.35351562
1.24920000,2.35351562,2.35637378,2.35351562
1.24960000,2.35351562,2.35602269,2.35351562
1.25000000,2.35351562,2.35572502,2.35351562
1.25040000,2.35351562,2.35547140,2.35351562
1.25080000,2.35351562,2.35525368,2.35351562
1.25120000,2.35351562,2.35506531,2.35351562
1.25160000,2.35351562,2.35490112,2.35351562
1.25200000,2.36816406,2.35627976,2.36815528
1.25240000,2.37304688,2.35799528,2.37304394
1.25280000,2.37304688,2.35951528,2.37304687
1.25320000,2.37304688,2.36086715,2.37304687
1.25360000,2.37304688,2.36208774,2.37304687
1.25400000,2.37304688,2.36325662,2.37304688
1.25440000,2.37304688,2.36453383,2.37304688
1.25480000,2.37304688,2.36593622,2.37304688
1.25520000,2.37304688,2.36726314,2.37304688
1.25560000,2.37304688,2.36838248,2.37304688
1.25600000,2.37304688,2.36931949,2.37304688
1.25640000,2.37304688,2.37012617,2.37304688
1.25680000,2.37304688,2.37081096,2.37304688
1.25720000,2.37304688,2.37136418,2.37304688
1.25760000,2.37304688,2.37178900,2.37304688
1.25800000,2.37304688,2.37210262,2.37304688
1.25840000,2.37304688,2.37232823,2.37304688
1.25880000,2.37304688,2.37248918,2.37304688
1.25920000,2.37304688,2.37260481,2.37304688
1.25960000,2.37304688,2.37268924,2.37304688
1.26000000,2.37304688,2.37275218,2.37304688
1.26040000,2.37304688,2.37280014,2.37304688
1.26080000,2.37304688,2.37283749,2.37304688
1.26120000,2.37304688,2.37286717,2.37304688
1.26160000,2.37304688,2.37289119,2.37304688
1.26200000,2.37304688,2.37291096,2.37304688
1.26240000,2.37304688,2.37292747,2.37304688
1.26280000,2.37304688,2.37294144,2.37304688
1.26320000,2.37304688,2.37295337,2.37304688
1.26360000,2.37304688,2.37296367,2.37304688
1.26400000,2.38769531,2.37454870,2.38768653
1.26440000,2.39257812,2.37645411,2.39257519
1.26480000,2.39257812,2.37813548,2.39257812
1.26520000,2.39257812,2.37964482,2.39257812
1.26560000,2.39257812,2.38103796,2.39257812
1.26600000,2.39257812,2.38241253,2.39257812
1.26640000,2.39257812,2.38394592,2.39257812
1.26680000,2.39257812,2.38559468,2.39257812
1.26720000,2.39257812,2.38702714,2.39257812
1.26760000,2.39257812,2.38816035,2.39257812
1.26800000,2.39257812,2.38905709,2.39257812
1.26840000,2.39257812,2.38980752,2.39257812
1.26880000,2.39257812,2.39044663,2.39257812
1.26920000,2.39257812,2.39097114,2.39257812
1.26960000,2.39257812,2.39137756,2.39257812
1.27000000,2.39257812,2.39167801,2.39257812
1.27040000,2.39257812,2.39189330,2.39257812
1.27080000,2.39257812,2.39204620,2.39257812
1.27120000,2.39257812,2.39215575,2.39257812
1.27160000,2.39257812,2.39223571,2.39257812
1.27200000,2.39257812,2.39229538,2.39257812
1.27240000,2.39257812,2.39234094,2.39257812
1.27280000,2.39257812,2.39237650,2.39257812
1.27320000,2.39257812,2.39240483,2.39257812
1.27360000,2.39257812,2.39242781,2.39257812
1.27400000,2.39257812,2.39244677,2.39257812
1.27440000,2.39257812,2.39246263,2.39257812
1.27480000,2.39257812,2.39247607,2.39257812
1.27520000,2.39257812,2.39248757,2.39257812
1.27560000,2.39257812,2.39249750,2.39257812
1.27600000,2.41210938,2.39460065,2.41209767
1.27640000,2.41210938,2.39644988,2.41210937
1.27680000,2.41210938,2.39808507,2.41210937
1.27720000,2.41210938,2.39956068,2.41210937
1.27760000,2.41210938,2.40093429,2.41210938
1.27800000,2.41210938,2.40232762,2.41210938
1.27840000,2.41210938,2.40392450,2.41210938
1.27880000,2.41210938,2.40558421,2.41210938
1.27920000,2.41210938,2.40694568,2.41210938
1.27960000,2.41210938,2.40800604,2.41210938
1.28000000,2.41210938,2.40885166,2.41210938
1.28040000,2.41210938,2.40956343,2.41210938
1.28080000,2.41210938,2.41016477,2.41210938
1.28120000,2.41210938,2.41064948,2.41210938
1.28160000,2.41210938,2.41101953,2.41210938
1.28200000,2.41210938,2.41128996,2.41210938
1.28240000,2.41210938,2.41148262,2.41210938
1.28280000,2.41210938,2.41161947,2.41210938
1.28320000,2.41210938,2.41171791,2.41210938
1.28360000,2.41210938,2.41179017,2.41210938
1.28400000,2.41210938,2.41184446,2.41210938
1.28440000,2.41210938,2.41188618,2.41210938
1.28480000,2.41210938,2.41191896,2.41210938
1.28520000,2.41210938,2.41194522,2.41210938
1.28560000,2.41210938,2.41196663,2.41210938
1.28600000,2.41210938,2.41198438,2.41210938
1.28640000,2.41210938,2.41199928,2.41210938
1.28680000,2.41210938,2.41201196,2.41210938
1.28720000,2.41210938,2.41202283,2.41210938
1.28760000,2.41699219,2.41256380,2.41698926
1.28800000,2.43164062,2.41459646,2.43163184
1.28840000,2.43164062,2.41638501,2.43164062
1.28880000,2.43164062,2.41797408,2.43164062
1.28920000,2.43164062,2.41941799,2.43164062
1.28960000,2.43164062,2.42078300,2.43164062
1.29000000,2.43164062,2.42221195,2.43164062
1.29040000,2.43164062,2.42382558,2.43164062
1.29080000,2.43164062,2.42552523,2.43164062
1.29120000,2.43164062,2.42688813,2.43164062
1.29160000,2.43164062,2.42792313,2.43164062
1.29200000,2.43164062,2.42872958,2.43164062
1.29240000,2.43164062,2.42939383,2.43164062
1.29280000,2.43164062,2.42994141,2.43164062
1.29320000,2.43164062,2.43037177,2.43164062
1.29360000,2.43164062,2.43069451,2.43164062
1.29400000,2.43164062,2.43092756,2.43164062
1.29440000,2.43164062,2.43109261,2.43164062
1.29480000,2.43164062,2.43120974,2.43164062
1.29520000,2.43164062,2.43129423,2.43164062
1.29560000,2.43164062,2.43135654,2.43164062
1.29600000,2.43164062,2.43140362,2.43164062
1.29640000,2.43164062,2.43144004,2.43164062
1.29680000,2.43164062,2.43146882,2.43164062
1.29720000,2.43164062,2.43149202,2.43164062
1.29760000,2.43164062,2.43151105,2.43164062
1.29800000,2.43164062,2.43152689,2.43164062
1.29840000,2.43164062,2.43154026,2.43164062
1.29880000,2.43164062,2.43155167,2.43164062
1.29920000,2.43164062,2.43156150,2.43164062
1.29960000,2.43164062,2.43157004,2.43164062
1.30000000,2.43164062,2.43157750,2.43164062
1.30040000,2.43164062,2.43158406,2.43164062
1.30080000,2.43164062,2.43158986,2.43164062
1.30120000,2.43164062,2.43159500,2.43164062
1.30160000,2.43164062,2.43159958,2.43164062
1.30200000,2.43164062,2.43160366,2.43164062
1.30240000,2.43164062,2.43160731,2.43164062
1.30280000,2.43164062,2.43161058,2.43164062
1.30320000,2.43164062,2.43161352,2.43164062
1.30360000,2.43164062,2.43161616,2.43164062
1.30400000,2.43164062,2.43161853,2.43164062
1.30440000,2.43164062,2.43162067,2.43164062
1.30480000,2.43164062,2.43162259,2.43164062
1.30520000,2.43164062,2.43162433,2.43164062
1.30560000,2.43164062,2.43162589,2.43164062
1.30600000,2.43164062,2.43162731,2.43164062
1.30640000,2.43164062,2.43162858,2.43164062
1.30680000,2.43164062,2.43162974,2.43164062
1.30720000,2.43164062,2.43163078,2.43164062
1.30760000,2.43164062,2.43163172,2.43164062
1.30800000,2.43164062,2.43163257,2.43164062
1.30840000,2.43164062,2.43163334,2.43164062
1.30880000,2.43164062,2.43163404,2.43164062
1.30920000,2.43164062,2.43163466,2.43164062
1.30960000,2.43164062,2.43163523,2.43164062
1.31000000,2.43164062,2.43163575,2.43164062
1.31040000,2.43164062,2.43163621,2.43164062
1.31080000,2.43164062,2.43163663,2.43164062
1.31120000,2.43164062,2.43163701,2.43164062
1.31160000,2.43164062,2.43163736,2.43164062
1.31200000,2.43164062,2.43163767,2.43164062
1.31240000,2.43164062,2.43163795,2.43164062
1.31280000,2.43164062,2.43163820,2.43164062
1.31320000,2.43164062,2.43163843,2.43164062
1.31360000,2.43164062,2.43163864,2.43164062
1.31400000,2.43164062,2.43163883,2.43164062
1.31440000,2.43164062,2.43163900,2.43164062
1.31480000,2.43164062,2.43163916,2.43164062
1.31520000,2.43164062,2.43163930,2.43164062
1.31560000,2.43164062,2.43163942,2.43164062
1.31600000,2.43164062,2.43163954,2.43164062
1.31640000,2.43164062,2.43163964,2.43164062
1.31680000,2.43164062,2.43163973,2.43164062
1.31720000,2.43164062,2.43163982,2.43164062
1.31760000,2.43164062,2.43163990,2.43164062
1.31800000,2.43164062,2.43163997,2.43164062
1.31840000,2.43164062,2.43164003,2.43164062
1.31880000,2.43164062,2.43164008,2.43164062
1.31920000,2.43164062,2.43164014,2.43164062
1.31960000,2.43164062,2.43164018,2.43164062
1.32000000,2.43164062,2.43164022,2.43164062
1.32040000,2.43164062,2.43164026,2.43164062
1.32080000,2.43164062,2.43164030,2.43164062
1.32120000,2.43164062,2.43164033,2.43164062
1.32160000,2.43164062,2.43164036,2.43164062
1.32200000,2.43164062,2.43164038,2.43164062
1.32240000,2.43164062,2.43164041,2.43164062
1.32280000,2.43164062,2.43164043,2.43164062
1.32320000,2.43164062,2.43164045,2.43164062
1.32360000,2.43164062,2.43164046,2.43164062
1.32400000,2.43164062,2.43164048,2.43164062
1.32440000,2.43164062,2.43164049,2.43164062
1.32480000,2.43164062,2.43164050,2.43164062
1.32520000,2.43164062,2.43164052,2.43164062
1.32560000,2.43164062,2.43164053,2.43164062
1.32600000,2.43164062,2.43164054,2.43164062
1.32640000,2.43164062,2.43164054,2.43164062
1.32680000,2.43164062,2.43164055,2.43164062
1.32720000,2.43164062,2.43164056,2.43164062
1.32760000,2.43164062,2.43164057,2.43164062
1.32800000,2.43164062,2.43164057,2.43164062
1.32840000,2.43164062,2.43164058,2.43164062
1.32880000,2.43164062,2.43164058,2.43164062
1.32920000,2.43164062,2.43164058,2.43164062
1.32960000,2.43164062,2.43164059,2.43164062
1.33000000,2.43164062,2.43164059,2.43164062
1.33040000,2.43164062,2.43164060,2.43164062
1.33080000,2.43164062,2.43164060,2.43164062
1.33120000,2.43164062,2.43164060,2.43164062
1.33160000,2.43164062,2.43164060,2.43164062
1.33200000,2.43164062,2.43164061,2.43164062
1.33240000,2.43164062,2.43164061,2.43164062
1.33280000,2.43164062,2.43164061,2.43164062
1.33320000,2.43164062,2.43164061,2.43164062
1.33360000,2.43164062,2.43164061,2.43164062
1.33400000,2.43164062,2.43164061,2.43164062
1.33440000,2.43164062,2.43164061,2.43164062
1.33480000,2.43164062,2.43164062,2.43164062
1.33520000,2.43164062,2.43164062,2.43164062
1.33560000,2.43164062,2.43164062,2.43164062
1.33600000,2.43164062,2.43164062,2.43164062
1.33640000,2.43164062,2.43164062,2.43164062
1.33680000,2.43164062,2.43164062,2.43164062
1.33720000,2.43164062,2.43164062,2.43164062
1.33760000,2.43164062,2.43164062,2.43164062
1.33800000,2.43164062,2.43164062,2.43164062
1.33840000,2.43164062,2.43164062,2.43164062
1.33880000,2.43164062,2.43164062,2.43164062
1.33920000,2.43164062,2.43164062,2.43164062
1.33960000,2.43164062,2.43164062,2.43164062
1.34000000,2.43164062,2.43164062,2.43164062
1.34040000,2.43164062,2.43164062,2.43164062
1.34080000,2.43164062,2.43164062,2.43164062
1.34120000,2.43164062,2.43164062,2.43164062
1.34160000,2.43164062,2.43164062,2.43164062
1.34200000,2.43164062,2.43164062,2.43164062
1.34240000,2.41699219,2.43024719,2.41700097
1.34280000,2.41210938,2.42851583,2.41211231
1.34320000,2.41210938,2.42692391,2.41210938
1.34360000,2.41210938,2.42545446,2.41210938
1.34400000,2.39746094,2.42260487,2.39746972
1.34440000,2.39257812,2.41947295,2.39258106
1.34480000,2.39257812,2.41658012,2.39257813
1.34520000,2.39257812,2.41388491,2.39257813
1.34560000,2.37304688,2.40877406,2.37305858
1.34600000,2.37304688,2.39809935,2.37304688
1.34640000,2.37304688,2.38404952,2.37304688
1.34680000,2.36816406,2.37355396,2.36816699
1.34720000,2.35351562,2.35532984,2.35352441
1.34760000,2.35351562,2.35365779,2.35351563
1.34800000,2.35351562,2.35352868,2.35351563
1.34840000,2.34863281,2.34928879,2.34863574
1.34880000,2.33398438,2.33480534,2.33399316
1.34920000,2.33398438,2.33405554,2.33398438
1.34960000,2.33398438,2.33399496,2.33398438
1.35000000,2.32421875,2.32650967,2.32422460
1.35040000,2.31445312,2.31848755,2.31445898
1.35080000,2.31445312,2.31622125,2.31445313
1.35120000,2.31445312,2.31539616,2.31445313
1.35160000,2.29980469,2.30938035,2.29981347
1.35200000,2.29492188,2.30472076,2.29492481
1.35240000,2.29492188,2.30206046,2.29492188
1.35280000,2.29492188,2.30040348,2.29492188
1.35320000,2.28027344,2.29632457,2.28028222
1.35360000,2.27539062,2.29253690,2.27539356
1.35400000,2.27539062,2.28971968,2.27539063
1.35440000,2.27539062,2.28754487,2.27539063
1.35480000,2.25585938,2.28295687,2.25587108
1.35520000,2.25585938,2.27916543,2.25585938
1.35560000,2.25585938,2.27598247,2.25585938
1.35600000,2.25097656,2.27258491,2.25097949
1.35640000,2.23632812,2.26539665,2.23633691
1.35680000,2.23632812,2.25194233,2.23632813
1.35720000,2.23632812,2.24356669,2.23632813
1.35760000,2.23144531,2.23741004,2.23144824
1.35800000,2.21679688,2.21857593,2.21680566
1.35840000,2.21679688,2.21697682,2.21679688
1.35880000,2.21679688,2.21682506,2.21679688
1.35920000,2.20703125,2.20932097,2.20703710
1.35960000,2.19726562,2.19990620,2.19727148
1.36000000,2.19726562,2.19808663,2.19726563
1.36040000,2.19726562,2.19760554,2.19726563
1.36080000,2.18261719,2.19027700,2.18262597
1.36120000,2.17773438,2.18516668,2.17773731
1.36160000,2.17773438,2.18264994,2.17773438
1.36200000,2.17773438,2.18125512,2.17773438
1.36240000,2.16308594,2.17686082,2.16309472
1.36280000,2.15820312,2.17293391,2.15820606
1.36320000,2.15820312,2.17018958,2.15820313
1.36360000,2.15820312,2.16817625,2.15820313
1.36400000,2.13867188,2.16356473,2.13868358
1.36440000,2.13867188,2.15989609,2.13867188
1.36480000,2.13867188,2.15691488,2.13867188
1.36520000,2.13378906,2.15377723,2.13379199
1.36560000,2.11914062,2.14879713,2.11914941
1.36600000,2.11914062,2.14305603,2.11914063
1.36640000,2.11914062,2.13716283,2.11914063
1.36680000,2.10937500,2.12955057,2.10938085
1.36720000,2.09960938,2.10253372,2.09961523
1.36760000,2.09960938,2.09991648,2.09960938
1.36800000,2.09960938,2.09965596,2.09960938
1.36840000,2.08984375,2.09183574,2.08984960
1.36880000,2.08007812,2.08110219,2.08008398
1.36920000,2.08007812,2.08020971,2.08007813
1.36960000,2.08007812,2.08010539,2.08007813
1.37000000,2.06542969,2.06987562,2.06543847
1.37040000,2.06054688,2.06429713,2.06054981
1.37080000,2.06054688,2.06242369,2.06054688
1.37120000,2.06054688,2.06164786,2.06054688
1.37160000,2.04101562,2.05456928,2.04102733
1.37200000,2.04101562,2.05066699,2.04101563
1.37240000,2.04101562,2.04830363,2.04101563
1.37280000,2.04101562,2.04676005,2.04101563
1.37320000,2.02148438,2.04198685,2.02149608
1.37360000,2.02148438,2.03848319,2.02148438
1.37400000,2.02148438,2.03581256,2.02148438
1.37440000,2.01660156,2.03299536,2.01660449
1.37480000,2.00195312,2.02845896,2.00196191
1.37520000,2.00195312,2.02465288,2.00195313
1.37560000,2.00195312,2.02143789,2.00195313
1.37600000,1.99218750,2.01728974,1.99219335
1.37640000,1.98242188,1.99513568,1.98242773
1.37680000,1.98242188,1.98672644,1.98242188
1.37720000,1.98242188,1.98414530,1.98242188
1.37760000,1.97265625,1.97787889,1.97266210
1.37800000,1.96289062,1.96468769,1.96289648
1.37840000,1.96289062,1.96317654,1.96289063
1.37880000,1.96289062,1.96296057,1.96289063
1.37920000,1.94824219,1.95326051,1.94825097
1.37960000,1.94335938,1.94754507,1.94336231
1.38000000,1.94335938,1.94551940,1.94335938
1.38040000,1.94335938,1.94465332,1.94335938
1.38080000,1.92382812,1.93770302,1.92383983
1.38120000,1.92382812,1.93379574,1.92382813
1.38160000,1.92382812,1.93139963,1.92382813
1.38200000,1.92382812,1.92982042,1.92382813
1.38240000,1.90429688,1.92506126,1.90430858
1.38280000,1.90429688,1.92154739,1.90429688
1.38320000,1.90429688,1.91885709,1.90429688
1.38360000,1.89941406,1.91602102,1.89941699
1.38400000,1.88476562,1.91145194,1.88477441
1.38440000,1.88476562,1.90760449,1.88476563
1.38480000,1.88476562,1.90434520,1.88476563
1.38520000,1.87500000,1.90013432,1.87500585
1.38560000,1.86523438,1.87659649,1.86524023
1.38600000,1.86523438,1.86872347,1.86523438
1.38640000,1.86523438,1.86653884,1.86523438
1.38680000,1.85546875,1.86026458,1.85547460
1.38720000,1.84570312,1.84743446,1.84570898
1.38760000,1.84570312,1.84597858,1.84570313
1.38800000,1.84570312,1.84577060,1.84570313
1.38840000,1.83105469,1.83608402,1.83106347
1.38880000,1.82617188,1.83038481,1.82617481
1.38920000,1.82617188,1.82835575,1.82617188
1.38960000,1.82617188,1.82748454,1.82617188
1.39000000,1.80664062,1.82056439,1.80665233
1.39040000,1.80664062,1.81666422,1.80664063
1.39080000,1.80664062,1.81426661,1.80664063
1.39120000,1.80664062,1.81268306,1.80664063
1.39160000,1.82128906,1.81428169,1.82128028
1.39200000,1.82617188,1.81628161,1.82616894
1.39240000,1.82617188,1.81780041,1.82617187
1.39280000,1.82617188,1.81898717,1.82617187
1.39320000,1.82617188,1.82008165,1.82617187
1.39360000,1.84570312,1.82408479,1.84569142
1.39400000,1.84570312,1.82768139,1.84570312
1.39440000,1.84570312,1.83087038,1.84570312
1.39480000,1.84570312,1.83391015,1.84570312
1.39520000,1.85058594,1.83759729,1.85058301
1.39560000,1.86523438,1.84429737,1.86522559
1.39600000,1.86523438,1.84993600,1.86523437
1.39640000,1.86523438,1.85426134,1.86523437
1.39680000,1.86523438,1.85725205,1.86523437
1.39720000,1.87500000,1.86170163,1.87499415
1.39760000,1.88476562,1.86701110,1.88475977
1.39800000,1.88476562,1.87085190,1.88476562
1.39840000,1.88476562,1.87368292,1.88476562
1.39880000,1.88476562,1.87599697,1.88476562
1.39920000,1.90429688,1.88171494,1.90428517
1.39960000,1.90429688,1.88620759,1.90429687
1.40000000,1.90429688,1.89011557,1.90429687
1.40040000,1.90429688,1.89313474,1.90429687
1.40080000,1.90917969,1.89641605,1.90917676
1.40120000,1.92382812,1.90179654,1.92381934
1.40160000,1.92382812,1.90621680,1.92382812
1.40200000,1.92382812,1.90995635,1.92382812
1.40240000,1.92382812,1.91326009,1.92382812
1.40280000,1.93359375,1.91802237,1.93358790
1.40320000,1.94335938,1.92365397,1.94335352
1.40360000,1.94335938,1.92788279,1.94335937
1.40400000,1.94335938,1.93105991,1.94335937
1.40440000,1.94335938,1.93378370,1.94335937
1.40480000,1.95800781,1.93905039,1.95799903
1.40520000,1.96289062,1.94402650,1.96288769
1.40560000,1.96289062,1.94788536,1.96289062
1.40600000,1.96289062,1.95083882,1.96289062
1.40640000,1.96289062,1.95320454,1.96289062
1.40680000,1.98242188,1.95877480,1.98241017
1.40720000,1.98242188,1.96329193,1.98242187
1.40760000,1.98242188,1.96712570,1.98242187
1.40800000,1.98242188,1.97023850,1.98242187
1.40840000,1.98730469,1.97366925,1.98730176
1.40880000,2.00195312,1.97918379,2.00194434
1.40920000,2.00195312,1.98365282,2.00195312
1.40960000,2.00195312,1.98738832,2.00195312
1.41000000,2.00195312,1.99115896,2.00195312
1.41040000,2.01660156,1.99780454,2.01659278
1.41080000,2.02148438,2.00364734,2.02148144
1.41120000,2.02148438,2.00779179,2.02148437
1.41160000,2.02148438,2.01077298,2.02148437
1.41200000,2.02148438,2.01340725,2.02148437
1.41240000,2.04101562,2.02010275,2.04100392
1.41280000,2.04101562,2.02490326,2.04101562
1.41320000,2.04101562,2.02840834,2.04101562
1.41360000,2.04101562,2.03108856,2.04101562
1.41400000,2.04589844,2.03410533,2.04589551
1.41440000,2.06054688,2.03926490,2.06053809
1.41480000,2.06054688,2.04351665,2.06054687
1.41520000,2.06054688,2.04714909,2.06054687
1.41560000,2.06054688,2.05011254,2.06054687
1.41600000,2.07031250,2.05442416,2.07030665
1.41640000,2.08007812,2.05970906,2.08007227
1.41680000,2.08007812,2.06402186,2.08007812
1.41720000,2.08007812,2.06737312,2.08007812
1.41760000,2.08007812,2.07009296,2.08007812
1.41800000,2.09472656,2.07520486,2.09471778
1.41840000,2.09960938,2.08009637,2.09960644
1.41880000,2.09960938,2.08403037,2.09960937
1.41920000,2.09960938,2.08709138,2.09960937
1.41960000,2.10449219,2.09057172,2.10448926
1.42000000,2.11914062,2.09616009,2.11913184
1.42040000,2.11914062,2.10060408,2.11914062
1.42080000,2.11914062,2.10432793,2.11914062
1.42120000,2.11914062,2.10741547,2.11914062
1.42160000,2.12890625,2.11192404,2.12890040
1.42200000,2.13867188,2.11739282,2.13866602
1.42240000,2.13867188,2.12165314,2.13867187
1.42280000,2.13867188,2.12496103,2.13867187
1.42320000,2.13867188,2.12825490,2.13867187
1.42360000,2.15332031,2.13435892,2.15331153
1.42400000,2.15820312,2.13990933,2.15820019
1.42440000,2.15820312,2.14396534,2.15820312
1.42480000,2.15820312,2.14697351,2.15820312
1.42520000,2.15820312,2.14943774,2.15820312
1.42560000,2.17773438,2.15547246,2.17772267
1.42600000,2.17773438,2.16004588,2.17773437
1.42640000,2.17773438,2.16361423,2.17773437
1.42680000,2.17773438,2.16647683,2.17773437
1.42720000,2.18261719,2.16967959,2.18261426
1.42760000,2.19726562,2.17497768,2.19725684
1.42800000,2.19726562,2.17935033,2.19726562
1.42840000,2.19726562,2.18308640,2.19726562
1.42880000,2.19726562,2.18641305,2.19726562
1.42920000,2.20703125,2.19118053,2.20702540
1.42960000,2.21679688,2.19682537,2.21679102
1.43000000,2.21679688,2.20109245,2.21679687
1.43040000,2.21679688,2.20430962,2.21679687
1.43080000,2.21679688,2.20712294,2.21679687
1.43120000,2.23632812,2.21361488,2.23631642
1.43160000,2.23632812,2.21846434,2.23632812
1.43200000,2.23632812,2.22217736,2.23632812
1.43240000,2.23632812,2.22500565,2.23632812
1.43280000,2.24121094,2.22828325,2.24120801
1.43320000,2.25585938,2.23372343,2.25585059
1.43360000,2.25585938,2.23802833,2.25585937
1.43400000,2.25585938,2.24158274,2.25585937
1.43440000,2.25585938,2.24502577,2.25585937
1.43480000,2.26562500,2.24999937,2.26561915
1.43520000,2.27539062,2.25583065,2.27538477
1.43560000,2.27539062,2.26015041,2.27539062
1.43600000,2.27539062,2.26335125,2.27539062
1.43640000,2.27539062,2.26609052,2.27539062
1.43680000,2.29003906,2.27143018,2.29003028
1.43720000,2.29492188,2.27643321,2.29491894
1.43760000,2.29492188,2.28024311,2.29492187
1.43800000,2.29492188,2.28313763,2.29492187
1.43840000,2.29492188,2.28544512,2.29492187
1.43880000,2.31445312,2.29095344,2.31444142
1.43920000,2.31445312,2.29544325,2.31445312
1.43960000,2.31445312,2.29928043,2.31445312
1.44000000,2.31445312,2.30237273,2.31445312
1.44040000,2.31933594,2.30576566,2.31933301
1.44080000,2.33398438,2.31123393,2.33397559
1.44120000,2.33398438,2.31570598,2.33398437
1.44160000,2.33398438,2.31947013,2.33398437
1.44200000,2.33398438,2.32317102,2.33398437
1.44240000,2.34863281,2.32969529,2.34862403
1.44280000,2.35351562,2.33546927,2.35351269
1.44320000,2.35351562,2.33960521,2.35351562
1.44360000,2.35351562,2.34260333,2.35351562
1.44400000,2.35351562,2.34526602,2.35351562
1.44440000,2.33886719,2.34372344,2.33887597
1.44480000,2.33398438,2.34148340,2.33398731
1.44520000,2.33398438,2.33967176,2.33398438
1.44560000,2.33398438,2.33796176,2.33398438
1.44600000,2.33398438,2.33644553,2.33398438
1.44640000,2.32910156,2.33355263,2.32910449
1.44680000,2.31445312,2.32637869,2.31446191
1.44720000,2.31445312,2.32238740,2.31445313
1.44760000,2.31445312,2.32010394,2.31445313
1.44800000,2.31445312,2.31870509,2.31445313
1.44840000,2.31445312,2.31779100,2.31445312
1.44880000,2.29492188,2.31345885,2.29493358
1.44920000,2.29492188,2.31030479,2.29492188
1.44960000,2.29492188,2.30790765,2.29492188
1.45000000,2.29492188,2.30596420,2.29492188
1.45040000,2.29492188,2.30437960,2.29492188
1.45080000,2.28515625,2.30173937,2.28516210
1.45120000,2.27539062,2.29825427,2.27539648
1.45160000,2.27539062,2.29531377,2.27539063
1.45200000,2.27539062,2.29231280,2.27539063
1.45240000,2.27539062,2.28964392,2.27539063
1.45280000,2.27050781,2.28664235,2.27051074
1.45320000,2.25585938,2.28190548,2.25586816
1.45360000,2.25585938,2.27782550,2.25585938
1.45400000,2.25585938,2.27238687,2.25585938
1.45440000,2.25585938,2.26147964,2.25585938
1.45480000,2.25585938,2.25799465,2.25585938
1.45520000,2.24121094,2.24904273,2.24121972
1.45560000,2.23632812,2.24329397,2.23633106
1.45600000,2.23632812,2.24060674,2.23632813
1.45640000,2.23632812,2.23815032,2.23632813
1.45680000,2.23632812,2.23720523,2.23632813
1.45720000,2.22656250,2.23253356,2.22656835
1.45760000,2.21679688,2.22676059,2.21680273
1.45800000,2.21679688,2.22370250,2.21679688
1.45840000,2.21679688,2.22189515,2.21679688
1.45880000,2.21679688,2.22073890,2.21679688
1.45920000,2.21679688,2.21995568,2.21679688
1.45960000,2.19726562,2.21594865,2.19727733
1.46000000,2.19726562,2.21296004,2.19726563
1.46040000,2.19726562,2.21063124,2.19726563
1.46080000,2.19726562,2.20872995,2.19726563
1.46120000,2.19726562,2.20716434,2.19726562
1.46160000,2.18261719,2.20394108,2.18262597
1.46200000,2.17773438,2.20059986,2.17773731
1.46240000,2.17773438,2.19773516,2.17773438
1.46280000,2.17773438,2.19460401,2.17773438
1.46320000,2.17773438,2.19178545,2.17773438
1.46360000,2.17285156,2.18862185,2.17285449
1.46400000,2.15820312,2.18360677,2.15821191
1.46440000,2.15820312,2.17929702,2.15820313
1.46480000,2.15820312,2.16664686,2.15820313
1.46520000,2.15820312,2.16087133,2.15820313
1.46560000,2.15820312,2.15925611,2.15820312
1.46600000,2.13867188,2.14869063,2.13868358
1.46640000,2.13867188,2.14436620,2.13867188
1.46680000,2.13867188,2.14229136,2.13867188
1.46720000,2.13867188,2.14086929,2.13867188
1.46760000,2.13867188,2.14008585,2.13867188
1.46800000,2.12890625,2.13662424,2.12891210
1.46840000,2.11914062,2.13197971,2.11914648
1.46880000,2.11914062,2.12903853,2.11914063
1.46920000,2.11914062,2.12701341,2.11914063
1.46960000,2.11914062,2.12556537,2.11914063
1.47000000,2.11425781,2.12368214,2.11426074
1.47040000,2.09960938,2.12000300,2.09961816
1.47080000,2.09960938,2.11709335,2.09960938
1.47120000,2.09960938,2.11471159,2.09960938
1.47160000,2.09960938,2.11268464,2.09960938
1.47200000,2.09960938,2.11096235,2.09960938
1.47240000,2.08496094,2.10760921,2.08496972
1.47280000,2.08007812,2.10410403,2.08008106
1.47320000,2.08007812,2.10100976,2.08007813
1.47360000,2.08007812,2.09581086,2.08007813
1.47400000,2.08007812,2.09151457,2.08007813
1.47440000,2.07031250,2.08596894,2.07031835
1.47480000,2.06054688,2.07972248,2.06055273
1.47520000,2.06054688,2.07523573,2.06054688
1.47560000,2.06054688,2.06519692,2.06054688
1.47600000,2.06054688,2.06195238,2.06054688
1.47640000,2.06054688,2.06109712,2.06054688
1.47680000,2.04101562,2.05079844,2.04102733
1.47720000,2.04101562,2.04662145,2.04101563
1.47760000,2.04101562,2.04461831,2.04101563
1.47800000,2.04101562,2.04351827,2.04101563
1.47840000,2.04101562,2.04285744,2.04101562
1.47880000,2.02636719,2.03906350,2.02637597
1.47920000,2.02148438,2.03551347,2.02148731
1.47960000,2.02148438,2.03299259,2.02148438
1.48000000,2.02148438,2.03105414,2.02148438
1.48040000,2.02148438,2.02954846,2.02148438
1.48080000,2.01660156,2.02764495,2.01660449
1.48120000,2.00195312,2.02408270,2.00196191
1.48160000,2.00195312,2.02115089,2.00195313
1.48200000,2.00195312,2.01863585,2.00195313
1.48240000,2.00195312,2.01644870,2.00195313
1.48280000,2.00195312,2.01456120,2.00195312
1.48320000,1.98242188,2.01042157,1.98243358
1.48360000,1.98242188,2.00675434,1.98242188
1.48400000,1.98242188,2.00332995,1.98242188
1.48440000,1.98242188,1.99150280,1.98242188
1.48480000,1.98242188,1.98647429,1.98242188
1.48520000,1.97265625,1.97982604,1.97266210
1.48560000,1.96289062,1.97282397,1.96289648
1.48600000,1.96289062,1.96930847,1.96289063
1.48640000,1.96289062,1.96403576,1.96289063
1.48680000,1.96289062,1.96317545,1.96289063
1.48720000,1.95800781,1.95981066,1.95801074
1.48760000,1.94335938,1.95077212,1.94336816
1.48800000,1.94335938,1.94738779,1.94335938
1.48840000,1.94335938,1.94586159,1.94335938
1.48880000,1.94335938,1.94506644,1.94335938
1.48920000,1.94335938,1.94460775,1.94335938
1.48960000,1.95800781,1.94768839,1.95799903
1.49000000,1.96289062,1.95072699,1.96288769
1.49040000,1.96289062,1.95287805,1.96289062
1.49080000,1.96289062,1.95460639,1.96289062
1.49120000,1.96289062,1.95595677,1.96289062
1.49160000,1.97265625,1.95853010,1.97265040
1.49200000,1.98242188,1.96239473,1.98241602
1.49240000,1.98242188,1.96604845,1.98242187
1.49280000,1.98242188,1.96922889,1.98242187
1.49320000,1.98242188,1.97184497,1.98242187
1.49360000,1.98242188,1.97410478,1.98242188
1.49400000,2.00195312,1.98073483,2.00194142
1.49440000,2.00195312,1.98628023,2.00195312
1.49480000,2.00195312,1.99022084,2.00195312
1.49520000,2.00195312,1.99297701,2.00195312
1.49560000,2.00195312,1.99492508,2.00195312
1.49600000,2.01171875,1.99837603,2.01171290
1.49640000,2.02148438,2.00322275,2.02147852
1.49680000,2.02148438,2.00720683,2.02148437
1.49720000,2.02148438,2.01036192,2.02148437
1.49760000,2.02148438,2.01270674,2.02148437
1.49800000,2.02148438,2.01449624,2.02148438
1.49840000,2.04101562,2.02034659,2.04100392
1.49880000,2.04101562,2.02538780,2.04101562
1.49920000,2.04101562,2.02909536,2.04101562
1.49960000,2.04101562,2.03174546,2.04101562
1.50000000,2.04101562,2.03367321,2.04101562
1.50040000,2.05078125,2.03723810,2.05077540
1.50080000,2.06054688,2.04251319,2.06054102
1.50120000,2.06054688,2.04686205,2.06054687
1.50160000,2.06054688,2.05011027,2.06054687
1.50200000,2.06054688,2.05243081,2.06054687
1.50240000,2.06542969,2.05518542,2.06542676
1.50280000,2.08007812,2.06075076,2.08006934
1.50320000,2.08007812,2.06543070,2.08007812
1.50360000,2.08007812,2.06886059,2.08007812
1.50400000,2.08007812,2.07132186,2.08007812
1.50440000,2.08007812,2.07312356,2.08007812
1.50480000,2.09472656,2.07765812,2.09471778
1.50520000,2.09960938,2.08269033,2.09960644
1.50560000,2.09960938,2.08657583,2.09960937
1.50600000,2.09960938,2.08944446,2.09960937
1.50640000,2.09960938,2.09154700,2.09960937
1.50680000,2.10449219,2.09420292,2.10448926
1.50720000,2.11914062,2.09979378,2.11913184
1.50760000,2.11914062,2.10450316,2.11914062
1.50800000,2.11914062,2.10793865,2.11914062
1.50840000,2.11914062,2.11038982,2.11914062
1.50880000,2.11914062,2.11219543,2.11914062
1.50920000,2.13378906,2.11681864,2.13378028
1.50960000,2.13867188,2.12193122,2.13866894
1.51000000,2.13867188,2.12584288,2.13867187
1.51040000,2.13867188,2.12870648,2.13867187
1.51080000,2.13867188,2.13079058,2.13867187
1.51120000,2.14355469,2.13342913,2.14355176
1.51160000,2.15820312,2.13901128,2.15819434
1.51200000,2.15820312,2.14369387,2.15820312
1.51240000,2.15820312,2.14710258,2.15820312
1.51280000,2.15820312,2.14953169,2.15820312
1.51320000,2.15820312,2.15132285,2.15820312
1.51360000,2.17285156,2.15596395,2.17284278
1.51400000,2.17773438,2.16110820,2.17773144
1.51440000,2.17773438,2.16503589,2.17773437
1.51480000,2.17773438,2.16789398,2.17773437
1.51520000,2.17773438,2.16996579,2.17773437
1.51560000,2.18750000,2.17361758,2.18749415
1.51600000,2.19726562,2.17897013,2.19725977
1.51640000,2.19726562,2.18344279,2.19726562
1.51680000,2.19726562,2.18669367,2.19726562
1.51720000,2.19726562,2.18900925,2.19726562
1.51760000,2.19726562,2.19071765,2.19726562
1.51800000,2.21679688,2.19636053,2.21678517
1.51840000,2.21679688,2.20116129,2.21679687
1.51880000,2.21679688,2.20472633,2.21679687
1.51920000,2.21679688,2.20731993,2.21679687
1.51960000,2.21679688,2.20923706,2.21679688
1.52000000,2.22656250,2.21282778,2.22655665
1.52040000,2.23632812,2.21822590,2.23632227
1.52080000,2.23632812,2.22269150,2.23632812
1.52120000,2.23632812,2.22598386,2.23632812
1.52160000,2.23632812,2.22831467,2.23632812
1.52200000,2.23632812,2.23002942,2.23632812
1.52240000,2.25585938,2.23584419,2.25584767
1.52280000,2.25585938,2.24070451,2.25585937
1.52320000,2.25585938,2.24425494,2.25585937
1.52360000,2.25585938,2.24680005,2.25585937
1.52400000,2.25585938,2.24866251,2.25585938
1.52440000,2.26562500,2.25223520,2.26561915
1.52480000,2.27539062,2.25764043,2.27538477
1.52520000,2.27539062,2.26207669,2.27539062
1.52560000,2.27539062,2.26531084,2.27539062
1.52600000,2.27539062,2.26758969,2.27539062
1.52640000,2.28027344,2.27032264,2.28027051
1.52680000,2.29492188,2.27593008,2.29491309
1.52720000,2.29492188,2.28060182,2.29492187
1.52760000,2.29492188,2.28399848,2.29492187
1.52800000,2.29492188,2.28641705,2.29492187
1.52840000,2.29492188,2.28818102,2.29492188
1.52880000,2.30957031,2.29274406,2.30956153
1.52920000,2.31445312,2.29782300,2.31445019
1.52960000,2.31445312,2.30172417,2.31445312
1.53000000,2.31445312,2.30457033,2.31445312
1.53040000,2.31445312,2.30664079,2.31445312
1.53080000,2.31933594,2.30928834,2.31933301
1.53120000,2.33398438,2.31492989,2.33397559
1.53160000,2.33398438,2.31964362,2.33398437
1.53200000,2.33398438,2.32305131,2.33398437
1.53240000,2.33398438,2.32546517,2.33398437
1.53280000,2.33398438,2.32723827,2.33398438
1.53320000,2.34863281,2.33188695,2.34862403
1.53360000,2.35351562,2.33703246,2.35351269
1.53400000,2.35351562,2.34094989,2.35351562
1.53440000,2.35351562,2.34378947,2.35351562
1.53480000,2.35351562,2.34584375,2.35351562
1.53520000,2.35351562,2.34745150,2.35351562
1.53560000,2.35351562,2.34884952,2.35351562
1.53600000,2.35351562,2.35004106,2.35351562
1.53640000,2.35351562,2.35090201,2.35351562
1.53680000,2.35351562,2.35151087,2.35351562
1.53720000,2.35351562,2.35197085,2.35351562
1.53760000,2.35351562,2.35235005,2.35351562
1.53800000,2.35351562,2.35264256,2.35351562
1.53840000,2.35351562,2.35285587,2.35351562
1.53880000,2.33886719,2.34963994,2.33887597
1.53920000,2.33398438,2.34631491,2.33398731
1.53960000,2.33398438,2.34390424,2.33398438
1.54000000,2.33398438,2.34211544,2.33398438
1.54040000,2.33398438,2.34075390,2.33398438
1.54080000,2.33398438,2.33969949,2.33398438
1.54120000,2.33398438,2.33886664,2.33398438
1.54160000,2.33398438,2.33819621,2.33398438
1.54200000,2.33398438,2.33763753,2.33398438
1.54240000,2.33398438,2.33716120,2.33398438
1.54280000,2.33398438,2.33675595,2.33398438
1.54320000,2.33398438,2.33641252,2.33398438
1.54360000,2.33398438,2.33612185,2.33398438
1.54400000,2.33398438,2.33587469,2.33398438
1.54440000,2.33398438,2.33566294,2.33398438
1.54480000,2.33398438,2.33548005,2.33398438
1.54520000,2.33398438,2.33532090,2.33398438
1.54560000,2.33398438,2.33518146,2.33398438
1.54600000,2.33398438,2.33505861,2.33398438
1.54640000,2.33398438,2.33494986,2.33398438
1.54680000,2.33398438,2.33485321,2.33398438
1.54720000,2.33398438,2.33476703,2.33398438
1.54760000,2.33398438,2.33468998,2.33398438
1.54800000,2.31933594,2.33318783,2.31934472
1.54840000,2.31445312,2.33136423,2.31445606
1.54880000,2.31445312,2.32971379,2.31445313
1.54920000,2.31445312,2.32820727,2.31445313
1.54960000,2.31445312,2.32682466,2.31445313
1.55000000,2.31445312,2.32556366,2.31445312
1.55040000,2.31445312,2.32441227,2.31445312
1.55080000,2.31445312,2.32336389,2.31445312
1.55120000,2.31445312,2.32239443,2.31445312
1.55160000,2.31445312,2.32149381,2.31445312
1.55200000,2.31445312,2.32067388,2.31445312
1.55240000,2.31445312,2.31993894,2.31445312
1.55280000,2.31445312,2.31928763,2.31445312
1.55320000,2.31445312,2.31871526,2.31445312
1.55360000,2.31445312,2.31821537,2.31445312
1.55400000,2.31445312,2.31778064,2.31445312
1.55440000,2.31445312,2.31740349,2.31445312
1.55480000,2.31445312,2.31707654,2.31445312
1.55520000,2.31445312,2.31679241,2.31445312
1.55560000,2.31445312,2.31654434,2.31445312
1.55600000,2.31445312,2.31632662,2.31445312
1.55640000,2.31445312,2.31613462,2.31445312
1.55680000,2.31445312,2.31596454,2.31445312
1.55720000,2.29492188,2.31385934,2.29493358
1.55760000,2.29492188,2.31198183,2.29492188
1.55800000,2.29492188,2.31029294,2.29492188
1.55840000,2.29492188,2.30876184,2.29492188
1.55880000,2.29492188,2.30736419,2.29492188
1.55920000,2.29492188,2.30609080,2.29492188
1.55960000,2.29492188,2.30492619,2.29492188
1.56000000,2.29492188,2.30386583,2.29492188
1.56040000,2.29492188,2.30283784,2.29492188
1.56080000,2.29492188,2.30188594,2.29492188
1.56120000,2.29492188,2.30103061,2.29492188
1.56160000,2.29492188,2.30027546,2.29492188
1.56200000,2.29492188,2.29961558,2.29492188
1.56240000,2.29492188,2.29904261,2.29492188
1.56280000,2.29492188,2.29854711,2.29492188
1.56320000,2.29492188,2.29811964,2.29492188
1.56360000,2.29492188,2.29775119,2.29492188
1.56400000,2.29492188,2.29743348,2.29492188
1.56440000,2.29492188,2.29715852,2.29492188
1.56480000,2.29492188,2.29691925,2.29492188
1.56520000,2.29492188,2.29670982,2.29492188
1.56560000,2.29492188,2.29652551,2.29492188
1.56600000,2.29003906,2.29586629,2.29004199
1.56640000,2.27539062,2.29380981,2.27539941
1.56680000,2.27539062,2.29197782,2.27539063
1.56720000,2.27539062,2.29032898,2.27539063
1.56760000,2.27539062,2.28883334,2.27539063
1.56800000,2.27539062,2.28747235,2.27539062
1.56840000,2.27539062,2.28623174,2.27539062
1.56880000,2.27539062,2.28509831,2.27539062
1.56920000,2.27539062,2.28406662,2.27539062
1.56960000,2.27539062,2.28308029,2.27539062
1.57000000,2.27539062,2.28217062,2.27539062
1.57040000,2.27539062,2.28135225,2.27539062
1.57080000,2.27539062,2.28062745,2.27539062
1.57120000,2.27539062,2.27999185,2.27539062
1.57160000,2.27539062,2.27943816,2.27539062
1.57200000,2.27539062,2.27895798,2.27539062
1.57240000,2.27539062,2.27854268,2.27539062
1.57280000,2.27539062,2.27818388,2.27539062
1.57320000,2.27539062,2.27787379,2.27539062
1.57360000,2.27539062,2.27760469,2.27539062
1.57400000,2.27539062,2.27736989,2.27539062
1.57440000,2.27539062,2.27716388,2.27539062
1.57480000,2.27539062,2.27698220,2.27539062
1.57520000,2.26562500,2.27583381,2.26563085
1.57560000,2.25585938,2.27383604,2.25586523
1.57600000,2.25585938,2.27205420,2.25585938
1.57640000,2.25585938,2.27044628,2.25585938
1.57680000,2.25585938,2.26898431,2.25585938
1.57720000,2.25585938,2.26765418,2.25585938
1.57760000,2.25585938,2.26643970,2.25585938
1.57800000,2.25585938,2.26533066,2.25585938
1.57840000,2.25585938,2.26431425,2.25585938
1.57880000,2.25585938,2.26335343,2.25585938
1.57920000,2.25585938,2.26247165,2.25585938
1.57960000,2.25585938,2.26167940,2.25585938
1.58000000,2.25585938,2.26097746,2.25585938
1.58040000,2.25585938,2.26036132,2.25585938
1.58080000,2.25585938,2.25982401,2.25585938
1.58120000,2.25585938,2.25935752,2.25585938
1.58160000,2.25585938,2.25895362,2.25585938
1.58200000,2.25585938,2.25860428,2.25585938
1.58240000,2.25585938,2.25830189,2.25585938
1.58280000,2.25585938,2.25803900,2.25585938
1.58320000,2.25585938,2.25780919,2.25585938
1.58360000,2.25585938,2.25760723,2.25585938
1.58400000,2.25585938,2.25742888,2.25585938
1.58440000,2.24609375,2.25628659,2.24609960
1.58480000,2.23632812,2.25429597,2.23633398
1.58520000,2.23632812,2.25251908,2.23632813
1.58560000,2.23632812,2.25091442,2.23632813
1.58600000,2.23632812,2.24945448,2.23632813
1.58640000,2.23632812,2.24812557,2.23632812
1.58680000,2.23632812,2.24691180,2.23632812
1.58720000,2.23632812,2.24580312,2.23632812
1.58760000,2.23632812,2.24478689,2.23632812
1.58800000,2.23632812,2.24382620,2.23632812
1.58840000,2.23632812,2.24294444,2.23632812
1.58880000,2.23632812,2.24215210,2.23632812
1.58920000,2.23632812,2.24144997,2.23632812
1.58960000,2.23632812,2.24083358,2.23632812
1.59000000,2.23632812,2.24029599,2.23632812
1.59040000,2.23632812,2.23982921,2.23632812
1.59080000,2.23632812,2.23942502,2.23632812
1.59120000,2.23632812,2.23907541,2.23632812
1.59160000,2.23632812,2.23877278,2.23632812
1.59200000,2.23632812,2.23850966,2.23632812
1.59240000,2.23632812,2.23827966,2.23632812
1.59280000,2.23632812,2.23807753,2.23632812
1.59320000,2.23632812,2.23789902,2.23632812
1.59360000,2.22167969,2.23626455,2.22168847
1.59400000,2.21679688,2.23432289,2.21679981
1.59440000,2.21679688,2.23258552,2.21679688
1.59480000,2.21679688,2.23101469,2.21679688
1.59520000,2.21679688,2.22958412,2.21679688
1.59560000,2.21679688,2.22828228,2.21679688
1.59600000,2.21679688,2.22709264,2.21679688
1.59640000,2.21679688,2.22600779,2.21679688
1.59680000,2.21679688,2.22499889,2.21679688
1.59720000,2.21679688,2.22405710,2.21679688
1.59760000,2.21679688,2.22319928,2.21679688
1.59800000,2.21679688,2.22243175,2.21679688
1.59840000,2.22656250,2.22292913,2.22655665
1.59880000,2.23632812,2.22453731,2.23632227
1.59920000,2.25585938,2.22825825,2.25584767
1.59960000,2.26562500,2.23265584,2.26561914
1.60000000,2.28027344,2.23860007,2.28026465
1.60040000,2.29492188,2.24797370,2.29491309
1.60080000,2.30957031,2.26392554,2.30956153
1.60120000,2.31933594,2.28679970,2.31933008
1.60160000,2.33398438,2.31991316,2.33397559
1.60200000,2.34863281,2.34515659,2.34862403
1.60240000,2.35839844,2.35699396,2.35839258
1.60280000,2.37304688,2.37129605,2.37303809
1.60320000,2.38769531,2.38588060,2.38768653
1.60360000,2.39746094,2.39615925,2.39745508
1.60400000,2.41210938,2.41023344,2.41210059
1.60440000,2.42675781,2.42428353,2.42674903
1.60480000,2.43652344,2.43390817,2.43651758
1.60520000,2.45117188,2.44583913,2.45116309
1.60560000,2.46582031,2.45764678,2.46581153
1.60600000,2.47558594,2.46655491,2.47558008
1.60640000,2.49023438,2.47641479,2.49022559
1.60680000,2.50488281,2.48666326,2.50487403
1.60720000,2.51464844,2.49541275,2.51464258
1.60760000,2.52929688,2.50481559,2.52928809
1.60800000,2.54394531,2.51563966,2.54393653
1.60840000,2.55371094,2.52616124,2.55370508
1.60880000,2.56835938,2.54073192,2.56835059
1.60920000,2.58300781,2.56113301,2.58299903
1.60960000,2.59277344,2.58290606,2.59276758
1.61000000,2.60742188,2.60246345,2.60741309
1.61040000,2.62207031,2.61823042,2.62206153
1.61080000,2.63183594,2.62965438,2.63183008
1.61120000,2.64648438,2.64402505,2.64647559
1.61160000,2.66113281,2.65849757,2.66112403
1.61200000,2.67578125,2.67276899,2.67577246
1.61240000,2.68554688,2.68273417,2.68554102
1.61280000,2.70507812,2.69817118,2.70506642
1.61320000,2.71484375,2.70800669,2.71483789
1.61360000,2.72460938,2.71621663,2.72460352
1.61400000,2.74414062,2.72786853,2.74412892
1.61440000,2.75390625,2.73706841,2.75390039
1.61480000,2.76367188,2.74515515,2.76366602
1.61520000,2.78320312,2.75538158,2.78319142
1.61560000,2.79296875,2.76550741,2.79296289
1.61600000,2.80273438,2.77649041,2.80272852
1.61640000,2.82226562,2.79201013,2.82225392
1.61680000,2.83203125,2.81203812,2.83202539
1.61720000,2.84179688,2.83480306,2.84179102
1.61760000,2.86132812,2.85544561,2.86131642
1.61800000,2.87109375,2.86779959,2.87108789
1.61840000,2.88085938,2.87892336,2.88085352
1.61880000,2.90039062,2.89722664,2.90037892
1.61920000,2.91015625,2.90810892,2.91015039
1.61960000,2.91992188,2.91786385,2.91991602
1.62000000,2.93945312,2.93450771,2.93944142
1.62040000,2.94921875,2.94447627,2.94921289
1.62080000,2.95898438,2.95286107,2.95897852
1.62120000,2.97851562,2.96532206,2.97850392
1.62160000,2.98828125,2.97475025,2.98827539
1.62200000,2.99804688,2.98283159,2.99804102
1.62240000,3.01757812,2.99348294,3.01756642
1.62280000,3.02734375,3.00318785,3.02733789
1.62320000,3.03710938,3.01231171,3.03710352
1.62360000,3.05664062,3.02463113,3.05662892
1.62400000,3.07128906,3.04114401,3.07128028
1.62440000,3.08105469,3.06777953,3.08104883
1.62480000,3.09570312,3.08805277,3.09569434
1.62520000,3.11035156,3.10454577,3.11034278
1.62560000,3.12011719,3.11771678,3.12011133
1.62600000,3.13476562,3.13215313,3.13475684
1.62640000,3.14941406,3.14671889,3.14940528
1.62680000,3.15917969,3.15725936,3.15917383
1.62720000,3.17382812,3.17087109,3.17381934
1.62760000,3.18847656,3.18423581,3.18846778
1.62800000,3.19824219,3.19351683,3.19823633
1.62840000,3.21289062,3.20439544,3.21288184
1.62880000,3.22753906,3.21529472,3.22753028
1.62920000,3.23730469,3.22398184,3.23729883
1.62960000,3.25195312,3.23334382,3.25194434
1.63000000,3.26660156,3.24328451,3.26659278
1.63040000,3.27636719,3.25222816,3.27636133
1.63080000,3.29101562,3.26205643,3.29100684
1.63120000,3.30566406,3.27445986,3.30565528
1.63160000,3.31542969,3.29099347,3.31542383
1.63200000,3.33007812,3.31518743,3.33006934
1.63240000,3.34472656,3.33584932,3.34471778
1.63280000,3.35449219,3.35069300,3.35448633
1.63320000,3.36914062,3.36618564,3.36913184
1.63360000,3.38378906,3.38097555,3.38378028
1.63400000,3.39355469,3.39166215,3.39354883
1.63440000,3.40820312,3.40563912,3.40819434
1.63480000,3.42285156,3.41956215,3.42284278
1.63520000,3.43261719,3.42926702,3.43261133
1.63560000,3.44726562,3.44093827,3.44725684
1.63600000,3.46679688,3.45511497,3.46678516
1.63640000,3.47656250,3.46494198,3.47655664
1.63680000,3.48632812,3.47316023,3.48632227
1.63720000,3.50585938,3.48409172,3.50584767
1.63760000,3.51562500,3.49337944,3.51561914
1.63800000,3.52539062,3.50192230,3.52538477
1.63840000,3.54492188,3.51359521,3.54491017
1.63880000,3.55468750,3.52653254,3.55468164
1.63920000,3.56445312,3.54851081,3.56444727
1.63960000,3.58398438,3.57068894,3.58397267
1.64000000,3.59375000,3.58622837,3.59374414
1.64040000,3.60351562,3.60043123,3.60350977
1.64080000,3.62304688,3.61909465,3.62303517
1.64120000,3.63281250,3.63039026,3.63280664
1.64160000,3.64257812,3.64068620,3.64257227
1.64200000,3.66210938,3.65836484,3.66209767
1.64240000,3.67187500,3.66875865,3.67186914
1.64280000,3.68164062,3.67768217,3.68163477
1.64320000,3.70117188,3.69159761,3.70116017
1.64360000,3.71093750,3.70121024,3.71093164
1.64400000,3.72070312,3.70930538,3.72069727
1.64440000,3.74023438,3.72028346,3.74022267
1.64480000,3.75000000,3.72964062,3.74999414
1.64520000,3.75976562,3.73805460,3.75975977
1.64560000,3.77929688,3.74913932,3.77928517
1.64600000,3.77929688,3.75793539,3.77929687
1.64640000,3.77929688,3.76590571,3.77929687
1.64680000,3.77929688,3.77108657,3.77929687
1.64720000,3.77929688,3.77420948,3.77929688
1.64760000,3.77929688,3.77764561,3.77929688
1.64800000,3.77929688,3.77879220,3.77929688
1.64840000,3.77929688,3.77912627,3.77929688
1.64880000,3.77929688,3.77923832,3.77929688
1.64920000,3.77929688,3.77927208,3.77929688
1.64960000,3.77929688,3.77928423,3.77929688
1.65000000,3.77929688,3.77928961,3.77929688
1.65040000,3.77929688,3.77929226,3.77929688
1.65080000,3.77929688,3.77929370,3.77929688
1.65120000,3.77929688,3.77929454,3.77929688
1.65160000,3.77929688,3.77929507,3.77929688
1.65200000,3.77929688,3.77929543,3.77929688
1.65240000,3.77929688,3.77929568,3.77929688
1.65280000,3.77929688,3.77929587,3.77929688
1.65320000,3.77929688,3.77929602,3.77929688
1.65360000,3.77929688,3.77929613,3.77929688
1.65400000,3.77929688,3.77929623,3.77929688
1.65440000,3.77929688,3.77929631,3.77929688
1.65480000,3.77929688,3.77929637,3.77929688
1.65520000,3.77929688,3.77929643,3.77929688
1.65560000,3.77929688,3.77929648,3.77929688
1.65600000,3.77929688,3.77929652,3.77929688
1.65640000,3.77929688,3.77929656,3.77929688
1.65680000,3.77929688,3.77929659,3.77929688
1.65720000,3.77929688,3.77929662,3.77929688
1.65760000,3.77929688,3.77929664,3.77929688
1.65800000,3.77929688,3.77929667,3.77929688
1.65840000,3.77929688,3.77929669,3.77929688
1.65880000,3.77929688,3.77929670,3.77929688
1.65920000,3.77929688,3.77929672,3.77929688
1.65960000,3.77929688,3.77929674,3.77929688
1.66000000,3.77929688,3.77929675,3.77929688
1.66040000,3.77929688,3.77929676,3.77929688
1.66080000,3.77929688,3.77929677,3.77929688
1.66120000,3.77929688,3.77929678,3.77929688
1.66160000,3.77929688,3.77929679,3.77929688
1.66200000,3.77929688,3.77929680,3.77929688
1.66240000,3.77929688,3.77929681,3.77929688
1.66280000,3.77929688,3.77929681,3.77929688
1.66320000,3.77929688,3.77929682,3.77929688
1.66360000,3.77929688,3.77929682,3.77929688
1.66400000,3.77929688,3.77929683,3.77929688
1.66440000,3.77929688,3.77929683,3.77929688
1.66480000,3.77929688,3.77929684,3.77929688
1.66520000,3.77929688,3.77929684,3.77929688
1.66560000,3.77929688,3.77929684,3.77929688
1.66600000,3.77929688,3.77929685,3.77929688
1.66640000,3.77929688,3.77929685,3.77929688
1.66680000,3.77929688,3.77929685,3.77929688
1.66720000,3.77929688,3.77929685,3.77929688
1.66760000,3.77929688,3.77929686,3.77929688
1.66800000,3.77929688,3.77929686,3.77929688
1.66840000,3.77929688,3.77929686,3.77929688
1.66880000,3.77929688,3.77929686,3.77929688
1.66920000,3.77929688,3.77929686,3.77929688
1.66960000,3.77929688,3.77929686,3.77929688
1.67000000,3.77929688,3.77929686,3.77929688
1.67040000,3.77929688,3.77929687,3.77929688
1.67080000,3.77929688,3.77929687,3.77929688
1.67120000,3.77929688,3.77929687,3.77929688
1.67160000,3.77929688,3.77929687,3.77929688
1.67200000,3.77929688,3.77929687,3.77929688
1.67240000,3.77929688,3.77929687,3.77929688
1.67280000,3.77929688,3.77929687,3.77929688
1.67320000,3.77929688,3.77929687,3.77929688
1.67360000,3.77929688,3.77929687,3.77929688
1.67400000,3.77929688,3.77929687,3.77929688
1.67440000,3.77929688,3.77929687,3.77929688
1.67480000,3.77929688,3.77929687,3.77929688
1.67520000,3.77929688,3.77929687,3.77929688
1.67560000,3.77929688,3.77929687,3.77929688
1.67600000,3.77929688,3.77929687,3.77929688
1.67640000,3.77929688,3.77929687,3.77929688
1.67680000,3.77929688,3.77929687,3.77929688
1.67720000,3.77929688,3.77929687,3.77929688
1.67760000,3.77929688,3.77929687,3.77929688
1.67800000,3.77929688,3.77929687,3.77929688
1.67840000,3.77929688,3.77929687,3.77929688
1.67880000,3.77929688,3.77929687,3.77929688
1.67920000,3.77929688,3.77929687,3.77929688
1.67960000,3.77929688,3.77929687,3.77929688
1.68000000,3.77929688,3.77929687,3.77929688
1.68040000,3.77929688,3.77929687,3.77929688
1.68080000,3.77929688,3.77929687,3.77929688
1.68120000,3.77929688,3.77929687,3.77929688
1.68160000,3.77929688,3.77929687,3.77929688
1.68200000,3.77929688,3.77929687,3.77929688
1.68240000,3.77929688,3.77929687,3.77929688
1.68280000,3.77929688,3.77929687,3.77929688
1.68320000,3.77929688,3.77929687,3.77929688
1.68360000,3.77929688,3.77929687,3.77929688
1.68400000,3.77929688,3.77929687,3.77929688
1.68440000,3.77929688,3.77929687,3.77929688
1.68480000,3.77929688,3.77929687,3.77929688
1.68520000,3.77929688,3.77929687,3.77929688
1.68560000,3.77929688,3.77929687,3.77929688
1.68600000,3.77929688,3.77929687,3.77929688
1.68640000,3.77929688,3.77929687,3.77929688
1.68680000,3.77929688,3.77929687,3.77929688
1.68720000,3.77929688,3.77929687,3.77929688
1.68760000,3.77929688,3.77929687,3.77929688
1.68800000,3.77929688,3.77929687,3.77929688
1.68840000,3.77929688,3.77929687,3.77929688
1.68880000,3.77929688,3.77929687,3.77929688
1.68920000,3.77929688,3.77929687,3.77929688
1.68960000,3.77929688,3.77929687,3.77929688
1.69000000,3.77929688,3.77929687,3.77929688
1.69040000,3.77929688,3.77929687,3.77929688
1.69080000,3.77929688,3.77929687,3.77929688
1.69120000,3.77929688,3.77929687,3.77929688
1.69160000,3.77929688,3.77929687,3.77929688
1.69200000,3.77929688,3.77929687,3.77929688
1.69240000,3.77929688,3.77929687,3.77929688
1.69280000,3.77929688,3.77929687,3.77929688
1.69320000,3.77929688,3.77929687,3.77929688
1.69360000,3.77929688,3.77929687,3.77929688
1.69400000,3.77929688,3.77929687,3.77929688
1.69440000,3.77929688,3.77929687,3.77929688
1.69480000,3.77929688,3.77929687,3.77929688
1.69520000,3.77929688,3.77929687,3.77929688
1.69560000,3.77929688,3.77929687,3.77929688
1.69600000,3.77929688,3.77929687,3.77929688
1.69640000,3.77929688,3.77929687,3.77929688
1.69680000,3.77929688,3.77929687,3.77929688
1.69720000,3.77929688,3.77929687,3.77929688
1.69760000,3.77929688,3.77929687,3.77929688
1.69800000,3.77929688,3.77929687,3.77929688
1.69840000,3.77929688,3.77929687,3.77929688
1.69880000,3.77929688,3.77929687,3.77929688
1.69920000,3.77929688,3.77929687,3.77929688
1.69960000,3.77929688,3.77929687,3.77929688
1.70000000,3.77929688,3.77929687,3.77929688
1.70040000,3.77929688,3.77929687,3.77929688
1.70080000,3.77929688,3.77929687,3.77929688
1.70120000,3.77929688,3.77929687,3.77929688
1.70160000,3.77929688,3.77929687,3.77929688
1.70200000,3.77929688,3.77929687,3.77929688
1.70240000,3.77929688,3.77929687,3.77929688
1.70280000,3.77929688,3.77929687,3.77929688
1.70320000,3.77929688,3.77929687,3.77929688
1.70360000,3.77929688,3.77929687,3.77929688
1.70400000,3.77929688,3.77929687,3.77929688
1.70440000,3.77929688,3.77929687,3.77929688
1.70480000,3.77929688,3.77929687,3.77929688
1.70520000,3.77929688,3.77929687,3.77929688
1.70560000,3.77929688,3.77929687,3.77929688
1.70600000,3.77929688,3.77929687,3.77929688
1.70640000,3.77929688,3.77929687,3.77929688
1.70680000,3.77929688,3.77929687,3.77929688
1.70720000,3.77929688,3.77929687,3.77929688
1.70760000,3.77929688,3.77929687,3.77929688
1.70800000,3.77929688,3.77929687,3.77929688
1.70840000,3.77929688,3.77929687,3.77929688
1.70880000,3.77929688,3.77929687,3.77929688
1.70920000,3.77929688,3.77929687,3.77929688
1.70960000,3.77929688,3.77929687,3.77929688
1.71000000,3.77929688,3.77929687,3.77929688
1.71040000,3.77929688,3.77929687,3.77929688
1.71080000,3.77929688,3.77929687,3.77929688
1.71120000,3.77929688,3.77929687,3.77929688
1.71160000,3.77929688,3.77929687,3.77929688
1.71200000,3.77929688,3.77929687,3.77929688
1.71240000,3.77929688,3.77929687,3.77929688
1.71280000,3.77929688,3.77929687,3.77929688
1.71320000,3.77929688,3.77929687,3.77929688
1.71360000,3.77929688,3.77929687,3.77929688
1.71400000,3.77929688,3.77929687,3.77929688
1.71440000,3.77929688,3.77929687,3.77929688
1.71480000,3.77929688,3.77929687,3.77929688
1.71520000,3.77929688,3.77929687,3.77929688
1.71560000,3.77929688,3.77929687,3.77929688
1.71600000,3.77929688,3.77929687,3.77929688
1.71640000,3.77929688,3.77929687,3.77929688
1.71680000,3.77929688,3.77929687,3.77929688
1.71720000,3.77929688,3.77929687,3.77929688
1.71760000,3.77929688,3.77929687,3.77929688
1.71800000,3.77929688,3.77929687,3.77929688
1.71840000,3.77929688,3.77929687,3.77929688
1.71880000,3.77929688,3.77929687,3.77929688
1.71920000,3.77929688,3.77929687,3.77929688
1.71960000,3.77929688,3.77929687,3.77929688
1.72000000,3.77929688,3.77929687,3.77929688
1.72040000,3.77929688,3.77929687,3.77929688
1.72080000,3.77929688,3.77929687,3.77929688
1.72120000,3.77929688,3.77929687,3.77929688
1.72160000,3.77929688,3.77929687,3.77929688
1.72200000,3.77929688,3.77929687,3.77929688
1.72240000,3.77929688,3.77929687,3.77929688
1.72280000,3.77929688,3.77929687,3.77929688
1.72320000,3.77929688,3.77929687,3.77929688
1.72360000,3.77929688,3.77929687,3.77929688
1.72400000,3.77929688,3.77929687,3.77929688
1.72440000,3.77929688,3.77929687,3.77929688
1.72480000,3.77929688,3.77929687,3.77929688
1.72520000,3.77929688,3.77929687,3.77929688
1.72560000,3.77929688,3.77929687,3.77929688
1.72600000,3.77929688,3.77929687,3.77929688
1.72640000,3.77929688,3.77929687,3.77929688
1.72680000,3.77929688,3.77929687,3.77929688
1.72720000,3.77929688,3.77929687,3.77929688
1.72760000,3.77929688,3.77929687,3.77929688
1.72800000,3.77929688,3.77929687,3.77929688
1.72840000,3.77929688,3.77929687,3.77929688
1.72880000,3.77929688,3.77929687,3.77929688
1.72920000,3.77929688,3.77929687,3.77929688
1.72960000,3.77929688,3.77929687,3.77929688
1.73000000,3.77929688,3.77929687,3.77929688
1.73040000,3.77929688,3.77929687,3.77929688
1.73080000,3.77929688,3.77929687,3.77929688
1.73120000,3.77929688,3.77929687,3.77929688
1.73160000,3.77929688,3.77929687,3.77929688
1.73200000,3.77929688,3.77929687,3.77929688
1.73240000,3.77929688,3.77929687,3.77929688
1.73280000,3.77929688,3.77929687,3.77929688
1.73320000,3.77929688,3.77929687,3.77929688
1.73360000,3.77929688,3.77929687,3.77929688
1.73400000,3.77929688,3.77929687,3.77929688
1.73440000,3.77929688,3.77929687,3.77929688
1.73480000,3.77929688,3.77929687,3.77929688
1.73520000,3.77929688,3.77929687,3.77929688
1.73560000,3.77929688,3.77929687,3.77929688
1.73600000,3.77929688,3.77929687,3.77929688
1.73640000,3.77929688,3.77929687,3.77929688
1.73680000,3.77929688,3.77929687,3.77929688
1.73720000,3.77929688,3.77929687,3.77929688
1.73760000,3.77929688,3.77929687,3.77929688
1.73800000,3.77929688,3.77929687,3.77929688
1.73840000,3.77929688,3.77929687,3.77929688
1.73880000,3.77929688,3.77929687,3.77929688
1.73920000,3.77929688,3.77929687,3.77929688
1.73960000,3.77929688,3.77929687,3.77929688
1.74000000,3.77929688,3.77929687,3.77929688
1.74040000,3.77929688,3.77929687,3.77929688
1.74080000,3.77929688,3.77929687,3.77929688
1.74120000,3.77929688,3.77929687,3.77929688
1.74160000,3.77929688,3.77929687,3.77929688
1.74200000,3.77929688,3.77929687,3.77929688
1.74240000,3.77929688,3.77929687,3.77929688
1.74280000,3.77929688,3.77929687,3.77929688
1.74320000,3.77929688,3.77929687,3.77929688
1.74360000,3.77929688,3.77929687,3.77929688
1.74400000,3.77929688,3.77929687,3.77929688
1.74440000,3.77929688,3.77929687,3.77929688
1.74480000,3.77929688,3.77929687,3.77929688
1.74520000,3.77929688,3.77929687,3.77929688
1.74560000,3.77929688,3.77929687,3.77929688
1.74600000,3.77929688,3.77929687,3.77929688
1.74640000,3.77929688,3.77929687,3.77929688
1.74680000,3.76953125,3.77836792,3.76953710
1.74720000,3.75488281,3.77612989,3.75489160
1.74760000,3.74023438,3.77265716,3.74024316
1.74800000,3.72558594,3.76792547,3.72559472
1.74840000,3.71582031,3.76235359,3.71582617
1.74880000,3.70117188,3.75522302,3.70118066
1.74920000,3.68652344,3.73581160,3.68653222
1.74960000,3.67675781,3.68560743,3.67676367
1.75000000,3.66210938,3.66439202,3.66211816
1.75040000,3.64746094,3.64878382,3.64746972
1.75080000,3.63769531,3.63845447,3.63770117
1.75120000,3.62304688,3.62395274,3.62305566
1.75160000,3.60839844,3.60924345,3.60840722
1.75200000,3.59863281,3.59914524,3.59863867
1.75240000,3.58398438,3.58444101,3.58399316
1.75280000,3.56933594,3.56960406,3.56934472
1.75320000,3.55957031,3.55991416,3.55957617
1.75360000,3.54492188,3.54588453,3.54493066
1.75400000,3.53027344,3.53205810,3.53028222
1.75440000,3.52050781,3.52268713,3.52051367
1.75480000,3.50585938,3.51063066,3.50586816
1.75520000,3.49121094,3.49873313,3.49121972
1.75560000,3.48144531,3.48986288,3.48145117
1.75600000,3.46679688,3.48003638,3.46680566
1.75640000,3.44726562,3.46843029,3.44727734
1.75680000,3.43750000,3.45919196,3.43750586
1.75720000,3.42773438,3.45102925,3.42774023
1.75760000,3.40820312,3.44103256,3.40821483
1.75800000,3.39843750,3.42355442,3.39844336
1.75840000,3.38867188,3.39527072,3.38867773
1.75880000,3.36914062,3.37275291,3.36915233
1.75920000,3.35937500,3.36057324,3.35938086
1.75960000,3.34960938,3.35037742,3.34961523
1.76000000,3.33007812,3.33152509,3.33008983
1.76040000,3.32031250,3.32111863,3.32031836
1.76080000,3.31054688,3.31109529,3.31055273
1.76120000,3.29101562,3.29187360,3.29102733
1.76160000,3.28125000,3.28198290,3.28125586
1.76200000,3.27148438,3.27276084,3.27149023
1.76240000,3.25195312,3.25608722,3.25196483
1.76280000,3.24218750,3.24629221,3.24219336
1.76320000,3.23242188,3.23795244,3.23242773
1.76360000,3.21289062,3.22535630,3.21290233
1.76400000,3.20312500,3.21608829,3.20313086
1.76440000,3.18847656,3.20645823,3.18848535
1.76480000,3.17382812,3.19685665,3.17383691
1.76520000,3.15917969,3.18731798,3.15918847
1.76560000,3.14941406,3.17315696,3.14941992
1.76600000,3.13476562,3.15752522,3.13477441
1.76640000,3.12011719,3.13429334,3.12012597
1.76680000,3.11035156,3.11257371,3.11035742
1.76720000,3.09570312,3.09723794,3.09571191
1.76760000,3.08105469,3.08231402,3.08106347
1.76800000,3.07128906,3.07206240,3.07129492
1.76840000,3.05664062,3.05760612,3.05664941
1.76880000,3.04199219,3.04291310,3.04200097
1.76920000,3.03222656,3.03282082,3.03223242
1.76960000,3.01757812,3.01867589,3.01758691
1.77000000,3.00292969,3.00491867,3.00293847
1.77040000,2.99316406,2.99557422,2.99316992
1.77080000,2.97851562,2.98367656,2.97852441
1.77120000,2.96386719,2.97191917,2.96387597
1.77160000,2.95410156,2.96308420,2.95410742
1.77200000,2.93945312,2.95335639,2.93946191
1.77240000,2.92480469,2.94356949,2.92481347
1.77280000,2.91503906,2.93529974,2.91504492
1.77320000,2.90039062,2.92649534,2.90039941
1.77360000,2.88085938,2.91609133,2.88087109
1.77400000,2.87109375,2.89641352,2.87109961
1.77440000,2.86132812,2.86757002,2.86133398
1.77480000,2.84179688,2.84527789,2.84180858
1.77520000,2.83203125,2.83318989,2.83203711
1.77560000,2.82226562,2.82309544,2.82227148
1.77600000,2.80273438,2.80428664,2.80274608
1.77640000,2.79296875,2.79373651,2.79297461
1.77680000,2.78320312,2.78371462,2.78320898
1.77720000,2.76367188,2.76442369,2.76368358
1.77760000,2.75390625,2.75455554,2.75391211
1.77800000,2.74414062,2.74528779,2.74414648
1.77840000,2.72460938,2.72839106,2.72462108
1.77880000,2.71484375,2.71859254,2.71484961
1.77920000,2.70507812,2.71021202,2.70508398
1.77960000,2.68554688,2.69739233,2.68555858
1.78000000,2.67578125,2.68807068,2.67578711
1.78040000,2.66601562,2.68012794,2.66602148
1.78080000,2.64648438,2.66994249,2.64649608
1.78120000,2.63671875,2.66133599,2.63672461
1.78160000,2.62695312,2.65118747,2.62695898
1.78200000,2.60742188,2.63791589,2.60743358
1.78240000,2.59277344,2.61673004,2.59278222
1.78280000,2.58300781,2.58635542,2.58301367
1.78320000,2.56835938,2.57001104,2.56836816
1.78360000,2.55371094,2.55515649,2.55371972
1.78400000,2.54394531,2.54472189,2.54395117
1.78440000,2.52929688,2.53036771,2.52930566
1.78480000,2.51464844,2.51571346,2.51465722
1.78520000,2.50488281,2.50540125,2.50488867
1.78560000,2.49023438,2.49077795,2.49024316
1.78600000,2.47558594,2.47656147,2.47559472
1.78640000,2.46582031,2.46704790,2.46582617
1.78680000,2.45117188,2.45416657,2.45118066
1.78720000,2.43652344,2.44152611,2.43653222
1.78760000,2.42675781,2.43247598,2.42676367
1.78800000,2.41210938,2.42202236,2.41211816
1.78840000,2.39746094,2.41156199,2.39746972
1.78880000,2.38769531,2.40310072,2.38770117
1.78920000,2.37304688,2.39412097,2.37305566
1.78960000,2.35839844,2.38496617,2.35840722
1.79000000,2.35351562,2.37747994,2.35351856
1.79040000,2.35351562,2.36953727,2.35351563
1.79080000,2.35351562,2.36342923,2.35351563
1.79120000,2.35351562,2.35673522,2.35351563
1.79160000,2.36816406,2.36629811,2.36815528
1.79200000,2.37304688,2.37163307,2.37304394
1.79240000,2.37304688,2.37279071,2.37304687
1.79280000,2.37304688,2.37299615,2.37304687
1.79320000,2.37304688,2.37303231,2.37304687
1.79360000,2.37304688,2.37304124,2.37304688
1.79400000,2.37304688,2.37304415,2.37304688
1.79440000,2.37304688,2.37304532,2.37304688
1.79480000,2.37792969,2.37486524,2.37792676
1.79520000,2.39257812,2.38053018,2.39256934
1.79560000,2.39257812,2.38381342,2.39257812
1.79600000,2.39257812,2.38586315,2.39257812
1.79640000,2.39257812,2.38723275,2.39257812
1.79680000,2.39257812,2.38820629,2.39257812
1.79720000,2.39257812,2.38896350,2.39257812
1.79760000,2.39257812,2.38960930,2.39257812
1.79800000,2.39257812,2.39020548,2.39257812
1.79840000,2.40234375,2.39275865,2.40233790
1.79880000,2.41210938,2.39711974,2.41210352
1.79920000,2.41210938,2.40054092,2.41210937
1.79960000,2.41210938,2.40311563,2.41210937
1.80000000,2.41210938,2.40503831,2.41210937
1.80040000,2.41210938,2.40650490,2.41210938
1.80080000,2.41210938,2.40772267,2.41210938
1.80120000,2.41210938,2.40875528,2.41210938
1.80160000,2.41210938,2.40957497,2.41210938
1.80200000,2.43164062,2.41479383,2.43162892
1.80240000,2.43164062,2.41864473,2.43164062
1.80280000,2.43164062,2.42161834,2.43164062
1.80320000,2.43164062,2.42390554,2.43164062
1.80360000,2.43164062,2.42564773,2.43164062
1.80400000,2.43164062,2.42701867,2.43164062
1.80440000,2.43164062,2.42815686,2.43164062
1.80480000,2.43164062,2.42905280,2.43164062
1.80520000,2.44140625,2.43209153,2.44140040
1.80560000,2.45117188,2.43655020,2.45116602
1.80600000,2.45117188,2.43990618,2.45117187
1.80640000,2.45117188,2.44248189,2.45117187
1.80680000,2.45117188,2.44444145,2.45117187
1.80720000,2.45117188,2.44593758,2.45117188
1.80760000,2.45117188,2.44714505,2.45117188
1.80800000,2.45117188,2.44812911,2.45117188
1.80840000,2.45117188,2.44888994,2.45117188
1.80880000,2.46582031,2.45296706,2.46581153
1.80920000,2.47070312,2.45711792,2.47070019
1.80960000,2.47070312,2.46027599,2.47070312
1.81000000,2.47070312,2.46266695,2.47070312
1.81040000,2.47070312,2.46446242,2.47070312
1.81080000,2.47070312,2.46583462,2.47070312
1.81120000,2.47070312,2.46696212,2.47070312
1.81160000,2.47070312,2.46787506,2.47070312
1.81200000,2.47558594,2.46972011,2.47558301
1.81240000,2.49023438,2.47443479,2.49022559
1.81280000,2.49023438,2.47800867,2.49023437
1.81320000,2.49023438,2.48078374,2.49023437
1.81360000,2.49023438,2.48291078,2.49023437
1.81400000,2.49023438,2.48453218,2.49023438
1.81440000,2.49023438,2.48582527,2.49023438
1.81480000,2.49023438,2.48689537,2.49023438
1.81520000,2.49023438,2.48776578,2.49023438
1.81560000,2.50000000,2.49083793,2.49999415
1.81600000,2.50976562,2.49539444,2.50975977
1.81640000,2.50976562,2.49878654,2.50976562
1.81680000,2.50976562,2.50133682,2.50976562
1.81720000,2.50976562,2.50324650,2.50976562
1.81760000,2.50976562,2.50469031,2.50976562
1.81800000,2.50976562,2.50585035,2.50976562
1.81840000,2.50976562,2.50679620,2.50976562
1.81880000,2.50976562,2.50753345,2.50976562
1.81920000,2.52929688,2.51275900,2.52928517
1.81960000,2.52929688,2.51661428,2.52929687
1.82000000,2.52929688,2.51955473,2.52929687
1.82040000,2.52929688,2.52178429,2.52929687
1.82080000,2.52929688,2.52346190,2.52929688
1.82120000,2.52929688,2.52476877,2.52929688
1.82160000,2.52929688,2.52585578,2.52929688
1.82200000,2.52929688,2.52671809,2.52929688
1.82240000,2.53417969,2.52851351,2.53417676
1.82280000,2.54882812,2.53323223,2.54881934
1.82320000,2.54882812,2.53683308,2.54882812
1.82360000,2.54882812,2.53958439,2.54882812
1.82400000,2.54882812,2.54166383,2.54882812
1.82440000,2.54882812,2.54323479,2.54882812
1.82480000,2.54882812,2.54448214,2.54882812
1.82520000,2.54882812,2.54551734,2.54882812
1.82560000,2.54882812,2.54637019,2.54882812
1.82600000,2.56347656,2.55063400,2.56346778
1.82640000,2.56835938,2.55486345,2.56835644
1.82680000,2.56835938,2.55802813,2.56835937
1.82720000,2.56835938,2.56041711,2.56835937
1.82760000,2.56835938,2.56221296,2.56835937
1.82800000,2.56835938,2.56358737,2.56835938
1.82840000,2.56835938,2.56471163,2.56835938
1.82880000,2.56835938,2.56561438,2.56835938
1.82920000,2.57324219,2.56745782,2.57323926
1.82960000,2.58789062,2.57219010,2.58788184
1.83000000,2.58789062,2.57576556,2.58789062
1.83040000,2.58789062,2.57852752,2.58789062
1.83080000,2.58789062,2.58063617,2.58789062
1.83120000,2.58789062,2.58223908,2.58789062
1.83160000,2.58789062,2.58351475,2.58789062
1.83200000,2.58789062,2.58457051,2.58789062
1.83240000,2.58789062,2.58543265,2.58789062
1.83280000,2.59765625,2.58849478,2.59765040
1.83320000,2.60742188,2.59304933,2.60741602
1.83360000,2.60742188,2.59644384,2.60742187
1.83400000,2.60742188,2.59899445,2.60742187
1.83440000,2.60742188,2.60090257,2.60742187
1.83480000,2.60742188,2.60234445,2.60742188
1.83520000,2.60742188,2.60350316,2.60742188
1.83560000,2.60742188,2.60444866,2.60742188
1.83600000,2.60742188,2.60518628,2.60742188
1.83640000,2.62695312,2.61040994,2.62694142
1.83680000,2.62695312,2.61426505,2.62695312
1.83720000,2.62695312,2.61720609,2.62695312
1.83760000,2.62695312,2.61943646,2.62695312
1.83800000,2.62695312,2.62111489,2.62695312
1.83840000,2.62695312,2.62242259,2.62695312
1.83880000,2.62695312,2.62351039,2.62695312
1.83920000,2.61718750,2.62192552,2.61719335
1.83960000,2.60742188,2.61838057,2.60742773
1.84000000,2.60742188,2.61531448,2.60742188
1.84040000,2.60742188,2.61281380,2.60742188
1.84080000,2.60742188,2.61109403,2.60742188
1.84120000,2.60742188,2.61000965,2.60742188
1.84160000,2.60253906,2.60804985,2.60254199
1.84200000,2.58789062,2.60340226,2.58789941
1.84240000,2.58789062,2.60024983,2.58789063
1.84280000,2.58789062,2.59798910,2.58789063
1.84320000,2.58789062,2.59630342,2.58789063
1.84360000,2.58789062,2.59500871,2.58789062
1.84400000,2.58789062,2.59398749,2.58789062
1.84440000,2.56835938,2.59051707,2.56837108
1.84480000,2.56835938,2.58763750,2.56835938
1.84520000,2.56835938,2.58510513,2.56835938
1.84560000,2.56835938,2.58291111,2.56835938
1.84600000,2.56835938,2.58102562,2.56835938
1.84640000,2.56835938,2.57941015,2.56835938
1.84680000,2.55371094,2.57617696,2.55371972
1.84720000,2.54882812,2.57274100,2.54883106
1.84760000,2.54882812,2.56485692,2.54882813
1.84800000,2.54882812,2.55913976,2.54882813
1.84840000,2.54882812,2.55576946,2.54882813
1.84880000,2.54882812,2.55377379,2.54882812
1.84920000,2.53906250,2.55006398,2.53906835
1.84960000,2.52929688,2.54541906,2.52930273
1.85000000,2.52929688,2.54037990,2.52929688
1.85040000,2.52929688,2.53675111,2.52929688
1.85080000,2.52929688,2.53450703,2.52929688
1.85120000,2.52929688,2.53312386,2.52929688
1.85160000,2.52441406,2.53109955,2.52441699
1.85200000,2.50976562,2.52672607,2.50977441
1.85240000,2.50976562,2.52360033,2.50976563
1.85280000,2.50976562,2.52123180,2.50976563
1.85320000,2.50976562,2.51938970,2.50976563
1.85360000,2.50976562,2.51793486,2.50976562
1.85400000,2.50976562,2.51676854,2.50976562
1.85440000,2.49023438,2.51316397,2.49024608
1.85480000,2.49023438,2.51016144,2.49023438
1.85520000,2.49023438,2.50746914,2.49023438
1.85560000,2.49023438,2.50512688,2.49023438
1.85600000,2.49023438,2.50312123,2.49023438
1.85640000,2.49023438,2.50141427,2.49023438
1.85680000,2.47558594,2.49804442,2.47559472
1.85720000,2.47070312,2.49448190,2.47070606
1.85760000,2.47070312,2.48367480,2.47070313
1.85800000,2.47070312,2.47764770,2.47070313
1.85840000,2.47070312,2.47481477,2.47070313
1.85880000,2.47070312,2.47338694,2.47070312
1.85920000,2.46093750,2.46970606,2.46094335
1.85960000,2.45117188,2.46498477,2.45117773
1.86000000,2.45117188,2.46128275,2.45117188
1.86040000,2.45117188,2.45863579,2.45117188
1.86080000,2.45117188,2.45682309,2.45117188
1.86120000,2.45117188,2.45558676,2.45117188
1.86160000,2.44628906,2.45376557,2.44629199
1.86200000,2.43164062,2.44985817,2.43164941
1.86240000,2.43164062,2.44690449,2.43164063
1.86280000,2.43164062,2.44455877,2.43164063
1.86320000,2.43164062,2.44266658,2.43164063
1.86360000,2.43164062,2.44112438,2.43164062
1.86400000,2.43164062,2.43985300,2.43164062
1.86440000,2.41699219,2.43689625,2.41700097
1.86480000,2.41210938,2.43376497,2.41211231
1.86520000,2.41210938,2.43081432,2.41210938
1.86560000,2.41210938,2.42819786,2.41210938
1.86600000,2.41210938,2.42595088,2.41210938
1.86640000,2.41210938,2.42404605,2.41210938
1.86680000,2.40234375,2.42110546,2.40234960
1.86720000,2.39257812,2.41725324,2.39258398
1.86760000,2.39257812,2.41042923,2.39257813
1.86800000,2.39257812,2.40344121,2.39257813
1.86840000,2.39257812,2.39932387,2.39257813
1.86880000,2.39257812,2.39706186,2.39257812
1.86920000,2.38769531,2.39433460,2.38769824
1.86960000,2.37304688,2.38893201,2.37305566
1.87000000,2.37304688,2.38506558,2.37304688
1.87040000,2.37304688,2.38150444,2.37304688
1.87080000,2.37304688,2.37907597,2.37304688
1.87120000,2.37304688,2.37751220,2.37304688
1.87160000,2.37304688,2.37648699,2.37304688
1.87200000,2.35351562,2.37181228,2.35352733
1.87240000,2.35351562,2.36846895,2.35351563
1.87280000,2.35351562,2.36591892,2.35351563
1.87320000,2.35351562,2.36393153,2.35351563
1.87360000,2.35351562,2.36235636,2.35351562
1.87400000,2.35351562,2.36109114,2.35351562
1.87440000,2.33886719,2.35806021,2.33887597
1.87480000,2.33398438,2.35490246,2.33398731
1.87520000,2.33398438,2.35194360,2.33398438
1.87560000,2.33398438,2.34935219,2.33398438
1.87600000,2.33398438,2.34715457,2.33398438
1.87640000,2.33398438,2.34531269,2.33398438
1.87680000,2.32421875,2.34243137,2.32422460
1.87720000,2.31445312,2.33866911,2.31445898
1.87760000,2.31445312,2.33356310,2.31445313
1.87800000,2.31445312,2.32811875,2.31445313
1.87840000,2.31445312,2.32418733,2.31445313
1.87880000,2.31445312,2.32160287,2.31445312
1.87920000,2.30957031,2.31872160,2.30957324
1.87960000,2.29492188,2.31357700,2.29493066
1.88000000,2.29492188,2.30924729,2.29492188
1.88040000,2.29492188,2.30398300,2.29492188
1.88080000,2.29492188,2.30071463,2.29492188
1.88120000,2.29492188,2.29886375,2.29492188
1.88160000,2.29492188,2.29777439,2.29492188
1.88200000,2.27539062,2.29241441,2.27540233
1.88240000,2.27539062,2.28883182,2.27539063
1.88280000,2.27539062,2.28622587,2.27539063
1.88320000,2.27539062,2.28427967,2.27539063
1.88360000,2.27539062,2.28279305,2.27539062
1.88400000,2.27539062,2.28163958,2.27539062
1.88440000,2.26074219,2.27858585,2.26075097
1.88480000,2.25585938,2.27544067,2.25586231
1.88520000,2.25585938,2.27267376,2.25585938
1.88560000,2.25585938,2.27030868,2.25585938
1.88600000,2.25585938,2.26831378,2.25585938
1.88640000,2.25585938,2.26663765,2.25585938
1.88680000,2.24609375,2.26394064,2.24609960
1.88720000,2.23632812,2.26038171,2.23633398
1.88760000,2.23632812,2.25662709,2.23632813
1.88800000,2.23632812,2.25278447,2.23632813
1.88840000,2.23632812,2.24954568,2.23632813
1.88880000,2.23632812,2.24701153,2.23632812
1.88920000,2.23144531,2.24415991,2.23144824
1.88960000,2.21679688,2.23936815,2.21680566
1.89000000,2.21679688,2.23394051,2.21679688
1.89040000,2.21679688,2.22434397,2.21679688
1.89080000,2.21679688,2.22034070,2.21679688
1.89120000,2.21679688,2.21873405,2.21679688
1.89160000,2.21679688,2.21799820,2.21679688
1.89200000,2.21679688,2.21761530,2.21679688
1.89240000,2.22167969,2.21871614,2.22167676
1.89280000,2.23632812,2.22300204,2.23631934
1.89320000,2.23632812,2.22600594,2.23632812
1.89360000,2.23632812,2.22818028,2.23632812
1.89400000,2.23632812,2.22974277,2.23632812
1.89440000,2.23632812,2.23089150,2.23632812
1.89480000,2.23632812,2.23179245,2.23632812
1.89520000,2.23632812,2.23257717,2.23632812
1.89560000,2.23632812,2.23331826,2.23632812
1.89600000,2.23632812,2.23393995,2.23632812
1.89640000,2.24609375,2.23670702,2.24608790
1.89680000,2.25585938,2.24125450,2.25585352
1.89720000,2.25585938,2.24469107,2.25585937
1.89760000,2.25585938,2.24722256,2.25585937
1.89800000,2.25585938,2.24909164,2.25585937
1.89840000,2.25585938,2.25050799,2.25585938
1.89880000,2.25585938,2.25167648,2.25585938
1.89920000,2.25585938,2.25265936,2.25585938
1.89960000,2.25585938,2.25344016,2.25585938
1.90000000,2.25585938,2.25401289,2.25585938
1.90040000,2.27050781,2.25801306,2.27049903
1.90080000,2.27539062,2.26226339,2.27538769
1.90120000,2.27539062,2.26540484,2.27539062
1.90160000,2.27539062,2.26769330,2.27539062
1.90200000,2.27539062,2.26936796,2.27539062
1.90240000,2.27539062,2.27063350,2.27539062
1.90280000,2.27539062,2.27167979,2.27539062
1.90320000,2.27539062,2.27254191,2.27539062
1.90360000,2.27539062,2.27320015,2.27539062
1.90400000,2.27539062,2.27369794,2.27539062
1.90440000,2.29492188,2.27885141,2.29491017
1.90480000,2.29492188,2.28279940,2.29492187
1.90520000,2.29492188,2.28568664,2.29492187
1.90560000,2.29492188,2.28777551,2.29492187
1.90600000,2.29492188,2.28930294,2.29492188
1.90640000,2.29492188,2.29048031,2.29492188
1.90680000,2.29492188,2.29147545,2.29492188
1.90720000,2.29492188,2.29228606,2.29492188
1.90760000,2.29492188,2.29288851,2.29492188
1.90800000,2.29980469,2.29447792,2.29980176
1.90840000,2.31445312,2.29929955,2.31444434
1.90880000,2.31445312,2.30295688,2.31445312
1.90920000,2.31445312,2.30563177,2.31445312
1.90960000,2.31445312,2.30757859,2.31445312
1.91000000,2.31445312,2.30902042,2.31445312
1.91040000,2.31445312,2.31016301,2.31445312
1.91080000,2.31445312,2.31112804,2.31445312
1.91120000,2.31445312,2.31195288,2.31445312
1.91160000,2.31445312,2.31256075,2.31445312
1.91200000,2.31933594,2.31421282,2.31933301
1.91240000,2.33398438,2.31914995,2.33397559
1.91280000,2.33398438,2.32279115,2.33398437
1.91320000,2.33398438,2.32541084,2.33398437
1.91360000,2.33398438,2.32730074,2.33398437
1.91400000,2.33398438,2.32869399,2.33398438
1.91440000,2.33398438,2.32979518,2.33398438
1.91480000,2.33398438,2.33072420,2.33398438
1.91520000,2.33398438,2.33152322,2.33398438
1.91560000,2.33398438,2.33211672,2.33398438
1.91600000,2.34375000,2.33496044,2.34374415
1.91640000,2.35351562,2.33954042,2.35350977
1.91680000,2.35351562,2.34291128,2.35351562
1.91720000,2.35351562,2.34535079,2.35351562
1.91760000,2.35351562,2.34712553,2.35351562
1.91800000,2.35351562,2.34845223,2.35351562
1.91840000,2.35351562,2.34952886,2.35351562
1.91880000,2.35351562,2.35043026,2.35351562
1.91920000,2.35351562,2.35117426,2.35351562
1.91960000,2.35351562,2.35173011,2.35351562
1.92000000,2.36816406,2.35577464,2.36815528
1.92040000,2.37304688,2.36005426,2.37304394
1.92080000,2.37304688,2.36318062,2.37304687
1.92120000,2.37304688,2.36543766,2.37304687
1.92160000,2.37304688,2.36708146,2.37304687
1.92200000,2.37304688,2.36832211,2.37304688
1.92240000,2.37304688,2.36935050,2.37304688
1.92280000,2.37304688,2.37020086,2.37304688
1.92320000,2.37304688,2.37085395,2.37304688
1.92360000,2.37304688,2.37135063,2.37304688
1.92400000,2.39257812,2.37650066,2.39256642
1.92440000,2.39257812,2.38044748,2.39257812
1.92480000,2.39257812,2.38333260,2.39257812
1.92520000,2.39257812,2.38541977,2.39257812
1.92560000,2.39257812,2.38694659,2.39257812
1.92600000,2.39257812,2.38812475,2.39257812
1.92640000,2.39257812,2.38912172,2.39257812
1.92680000,2.39257812,2.38993446,2.39257812
1.92720000,2.39257812,2.39053864,2.39257812
1.92760000,2.39746094,2.39212885,2.39745801
1.92800000,2.41210938,2.39695037,2.41210059
1.92840000,2.41210938,2.40060864,2.41210937
1.92880000,2.41210938,2.40328491,2.41210937
1.92920000,2.41210938,2.40523309,2.41210937
1.92960000,2.41210938,2.40667602,2.41210938
1.93000000,2.41210938,2.40781947,2.41210938
1.93040000,2.41210938,2.40878507,2.41210938
1.93080000,2.41210938,2.40961009,2.41210938
1.93120000,2.41210938,2.41021791,2.41210938
1.93160000,2.42187500,2.41306063,2.42186915
1.93200000,2.43164062,2.41764330,2.43163477
1.93240000,2.43164062,2.42102694,2.43164062
1.93280000,2.43164062,2.42348037,2.43164062
1.93320000,2.43164062,2.42526561,2.43164062
1.93360000,2.43164062,2.42659869,2.43164062
